	Compound	Date	Negitive	Neutral	Outlet	Positive	Tweet
0	0.3612	Mon Jun 25 18:03:04 +0000 2018	0.0	0.815	BBC	0.185	‚ú® These women are ditching their straighteners and embracing their natural hair. https://t.co/BTgEiHth2E
1	0.0	Mon Jun 25 17:31:08 +0000 2018	0.0	1.0	BBC	0.0	Two teams of junior doctors from teaching hospitals around Britain go head to head in a medical-themed quiz show. üè•‚Ä¶ https://t.co/1z99Ax1RcK
2	0.2732	Mon Jun 25 16:02:03 +0000 2018	0.0	0.769	BBC	0.231	"üôåüòÇ Well, that escalated quickly.
#HearHer #LiveAtTheApollo  https://t.co/4Bfa81zCSI"
3	-0.5524	Mon Jun 25 15:01:34 +0000 2018	0.229	0.771	BBC	0.0	RT @BBCTwo: SO much tension between Louis and the Queen! üò¨üëëüá´üá∑ #Versailles https://t.co/mT2tDG3Hen
4	0.3182	Mon Jun 25 14:57:32 +0000 2018	0.0	0.839	BBC	0.161	RT @BBCTwo: brb just gonna pop inside for some fresh air... ‚òÄÔ∏èüò∞ https://t.co/rlTBirEDF2
5	0.5423	Mon Jun 25 13:48:41 +0000 2018	0.0	0.836	BBC	0.164	"RT @bbcarts: If you‚Äôre from the North this will make you well up with pride. ‚ù§Ô∏è
@lemnsissay delivers an impassioned reading of the poem he‚Ä¶"
6	0.636	Mon Jun 25 13:03:07 +0000 2018	0.0	0.656	BBC	0.344	"üê∂üòç They're all beautiful in our eyes! 
#WorldsUgliestDog https://t.co/qrQgVqtwt4"
7	0.5719	Mon Jun 25 12:04:05 +0000 2018	0.0	0.802	BBC	0.198	üôåüí™ @ChelseaClinton says it's time we rethink gender stereotypes and work harder to celebrate women. https://t.co/xgejAk33oK
8	0.34	Mon Jun 25 11:01:03 +0000 2018	0.104	0.741	BBC	0.156	üìñ‚ú®üå≤ From the Forbidden Forest at Hogwarts to Pooh's Hundred Acre Wood, here are six magical forests we love from ch‚Ä¶ https://t.co/hCU6am8R3o
9	0.0	Mon Jun 25 10:12:49 +0000 2018	0.0	1.0	BBC	0.0	"üåã Lava from Hawaii's Kilauea volcano creeps closer to more homes. 
 https://t.co/NfFXiwtVy7"
10	-0.4215	Mon Jun 25 08:03:05 +0000 2018	0.128	0.872	BBC	0.0	This headteacher is budgeting to buy hygiene products for pupils as she's found some parents are struggling to affo‚Ä¶ https://t.co/Bm4PrQ8ucC
11	0.0	Mon Jun 25 07:26:06 +0000 2018	0.0	1.0	BBC	0.0	"ü§ñ What does it mean for AI to have a soul?
üëâ https://t.co/OkxIzH9cA2 https://t.co/XcEYkoIbst"
12	-0.6486	Mon Jun 25 07:00:13 +0000 2018	0.301	0.699	BBC	0.0	Should we bring the woolly mammoth back from the dead? https://t.co/PASQyyoCXW
13	0.0	Sun Jun 24 19:03:02 +0000 2018	0.0	1.0	BBC	0.0	Follow the inner workings of @nytimes, one of the most prolific American media outlets, during the first 12 months‚Ä¶ https://t.co/sTcKSPw5QW
14	-0.5574	Sun Jun 24 18:32:03 +0000 2018	0.167	0.833	BBC	0.0	üöó üá∏üá¶ Women in Saudi Arabia are hitting the road as the country's ban on women driving officially ends. https://t.co/RLv1njCk5t
15	0.5994	Sun Jun 24 18:10:27 +0000 2018	0.0	0.755	BBC	0.245	"RT @BBCWthrWatchers: Beautiful ""night shining"" clouds, captured by our Weather Watchers #NoctilucentClouds https://t.co/FE9F3YQ3Kd"
16	-0.5267	Sun Jun 24 18:04:04 +0000 2018	0.195	0.805	BBC	0.0	"This. Will. Hurt.

@IdrisElba returns as the inimitable DCI #Luther. Coming soon to @BBCOne. https://t.co/AOmhtLjldy"
17	0.6705	Sun Jun 24 17:08:05 +0000 2018	0.078	0.658	BBC	0.263	43% of female festival goers under 40 say they've faced unwanted sexual behaviour at a music festival, a new survey‚Ä¶ https://t.co/Wd5gcaHCgH
18	0.0	Sun Jun 24 16:02:06 +0000 2018	0.106	0.787	BBC	0.106	"Imagine waking up one morning and you've lost the ability to speak or move your hands.
(via @BBCThree) https://t.co/M8IJVGSoE7"
19	0.0	Sun Jun 24 15:18:03 +0000 2018	0.0	1.0	BBC	0.0	In the aftermath of Hurricane Maria, Michelin-starred @chefjoseandres managed to feed more Puerto Ricans than any g‚Ä¶ https://t.co/HHjrHbsIb8
20	0.5859	Sun Jun 24 14:29:47 +0000 2018	0.0	0.826	BBC	0.174	"RT @BBCMOTD: #ENG win 6-1 ‚úÖ
On a Sunday ‚úÖ
In the Sun ‚úÖ

Live scenes across England right now ‚òÄüéâ

#ENGPAN https://t.co/pOqaVykdHG"
21	0.0	Sun Jun 24 14:20:08 +0000 2018	0.0	1.0	BBC	0.0	"‚ù§Ô∏èüíç Game of Thrones stars, Rose Leslie and Kit Harington have tied the knot at a ceremony in Aberdeenshire.
üëâ‚Ä¶ https://t.co/VzvDpNHgRO"
22	-0.4215	Sun Jun 24 13:03:02 +0000 2018	0.135	0.865	BBC	0.0	"üíîü¶ç Koko the gorilla sadly passed away this week, aged 46.

This is the story of her life. https://t.co/rIRb7mHpJx"
23	0.0	Sun Jun 24 12:02:03 +0000 2018	0.0	1.0	BBC	0.0	üêõ Did you know there's a whole world on the back of a sloth?  https://t.co/wRWmXa7j4R
24	0.8268	Sun Jun 24 11:04:03 +0000 2018	0.0	0.688	BBC	0.312	"ü•ëü•ïüåû These summery vegan dishes are perfect for when it's hot (and still delicious when it's not!) 

üëâ‚Ä¶ https://t.co/n8Nra5f9Jl"
25	0.2942	Sun Jun 24 10:52:39 +0000 2018	0.0	0.897	BBC	0.103	"RT @BBCWorld: ""At last!""

Saudi Arabia becomes the last country in the world to allow women to drive. https://t.co/vfOqNTBk9o https://t.co/‚Ä¶"
26	0.3612	Sun Jun 24 10:03:02 +0000 2018	0.0	0.783	BBC	0.217	"Getting ready for #ENG v #PAN like... Ô∏è‚öΩÔ∏èüèÜüí™ @JKCorden #WorldCup 

https://t.co/EbID4RxLuE"
27	0.6269	Sun Jun 24 09:33:12 +0000 2018	0.0	0.745	BBC	0.255	RT @BBC6Music: Ah, it seems so peaceful @GlastoFest this weekend. (via @bbcsomerset)  https://t.co/JzF0sbDEEh
28	0.34	Sun Jun 24 09:04:05 +0000 2018	0.0	0.882	BBC	0.118	"Today, England play their first ever match against #WorldCup debutants Panama. ü¶Åü¶Åü¶Å

World Cup 2018: #ENG v #PAN | 1‚Ä¶ https://t.co/rZLcc8qfZ8"
29	0.0	Sun Jun 24 08:37:50 +0000 2018	0.0	1.0	BBC	0.0	"RT @BBCWorld: New Zealand's PM reveals her daughter's name as she leaves hospital in Auckland üë∂üá≥üáø

https://t.co/5E751apfOg https://t.co/Zt7‚Ä¶"
30	0.0	Sun Jun 24 08:20:08 +0000 2018	0.0	1.0	BBC	0.0	"What's happened since #BluePlanet2 first aired and what does Sir David Attenborough think about the response?
üëâ‚Ä¶ https://t.co/Qo4Nu3wQHT"
31	0.3182	Sun Jun 24 07:01:05 +0000 2018	0.24	0.413	BBC	0.347	"‚öΩÔ∏è‚ù§Ô∏è I. Bloody. Love. Football. 
#WorldCup https://t.co/vrmHGAfFYY"
32	0.0	Sat Jun 23 20:12:00 +0000 2018	0.0	1.0	BBC	0.0	"Over the last 50 years, the flesh-footed shearwater population has dropped by 30%.

Plastic is a major cause of the‚Ä¶ https://t.co/KwcWT38E6F"
33	0.0	Sat Jun 23 19:02:02 +0000 2018	0.0	1.0	BBC	0.0	"Live coverage of England's clash with New Zealand in Colorado, USA. üèâ

Rugby League: New Zealand v England | 9pm |‚Ä¶ https://t.co/gNfWK4lAsg"
34	0.5719	Sat Jun 23 17:06:01 +0000 2018	0.0	0.821	BBC	0.179	‚òÄÔ∏èüôå Thousands of people gathered at Stonehenge this week to watch the sunrise and celebrate the #SummerSolstice. https://t.co/f0PA5HYgRK
35	0.7412	Sat Jun 23 16:02:02 +0000 2018	0.0	0.614	BBC	0.386	"‚öΩüêù Goal!!!
These clever bumblebees have been taught to play football. https://t.co/00fEPKxEYQ"
36	0.4019	Sat Jun 23 15:00:27 +0000 2018	0.0	0.847	BBC	0.153	"üì±‚ôøÔ∏è This 13-year-old made an app to help disabled people find accessible services. 
(via @BBCThree) https://t.co/EkjrhQOFi3"
37	0.0	Sat Jun 23 14:02:01 +0000 2018	0.0	1.0	BBC	0.0	"Unlocking the hidden life of Frida Kahlo.
üëâ https://t.co/g8KqGCs5JX https://t.co/SyRnFXRvNQ"
38	0.0	Sat Jun 23 12:57:05 +0000 2018	0.0	1.0	BBC	0.0	"üé∂üé§Meet the stockbroker who writes hits for @LittleMix and @JessGlynne 

https://t.co/zYl0M4CHcj https://t.co/s8HYxwiDKr"
39	0.0	Sat Jun 23 12:00:16 +0000 2018	0.0	1.0	BBC	0.0	"üé∂ SOUND ON üé∂ 
Below the big blue there is green! üíö
#OurBluePlanet w/ @OceanX https://t.co/E46jJvtmrN"
40	0.0	Sat Jun 23 11:01:06 +0000 2018	0.0	1.0	BBC	0.0	"Faced with extreme weather, Bolivian farmers are going underground.
#BBCTakingTheTemperature https://t.co/ocATWI0jPL"
41	0.0	Sat Jun 23 10:02:04 +0000 2018	0.143	0.675	BBC	0.183	"The ban on microbeads in certain products has begun in England and Scotland.

Here are some natural alternatives so‚Ä¶ https://t.co/vqESNyr5qD"
42	0.0	Sat Jun 23 09:01:05 +0000 2018	0.0	1.0	BBC	0.0	"üòçüêø Baby squirrels grow up so fast! 
#SuperSquirrels https://t.co/NzSE4lUIC8"
43	0.2732	Sat Jun 23 07:59:02 +0000 2018	0.0	0.86	BBC	0.14	There has been a significant fall in the number of cases of HPV following the introduction of a vaccine for young w‚Ä¶ https://t.co/19trkIMZ91
44	0.0	Sat Jun 23 07:22:00 +0000 2018	0.0	1.0	BBC	0.0	"‚ôªÔ∏èüåçSmall actions can make a big difference. 
#PlasticsAction

https://t.co/AWXUYNJ4e3 https://t.co/9Khy2bq19Z"
45	0.6369	Fri Jun 22 19:11:28 +0000 2018	0.0	0.741	BBC	0.259	"RT @BBCBreakfast: So many reasons to love¬†the #NorthEast of #England.
#Inventions https://t.co/xVseuMG347"
46	0.25	Fri Jun 22 19:11:15 +0000 2018	0.0	0.913	BBC	0.087	RT @bbcworldservice: Born without a jaw, Isaiah Acosta has never spoken a word, yet he‚Äôs gone on to fulfil his dream of becoming a rapper.‚Ä¶
47	0.0	Fri Jun 22 19:10:41 +0000 2018	0.0	1.0	BBC	0.0	"RT @bbcstories: Today marks 70 years since the arrival of Caribbean migrants on the Empire Windrush ship to the UK.

 Back in 2018, how has‚Ä¶"
48	0.7518	Fri Jun 22 19:10:14 +0000 2018	0.0	0.735	BBC	0.265	RT @BBCTwo: How long would it take you to demolish this AMAZING burger? üçîüòµ #MillionPoundMenu https://t.co/KH8VHK2rE6
49	0.3612	Fri Jun 22 19:09:53 +0000 2018	0.0	0.902	BBC	0.098	RT @BBCFOUR: With over 10,000 credits, Carol Kaye is one of the most prolific bassists of all time ‚Äì and her bragging rights are *amazing*.‚Ä¶
50	0.4215	Fri Jun 22 19:04:06 +0000 2018	0.0	0.833	BBC	0.167	"‚ù§Ô∏èüêø Meet the sabre-toothed squirrel whose life was saved by an amateur dentist.
üëâ https://t.co/C6gXwp7Yke https://t.co/fp3vGzEW5S"
51	-0.3182	Fri Jun 22 18:01:05 +0000 2018	0.15	0.85	BBC	0.0	"üòÇüëõ Everyone has that one mate who always loses their purse... 
#HearHer #LiveAtTheApollo https://t.co/DinViMhGVm"
52	0.0	Fri Jun 22 17:00:21 +0000 2018	0.0	1.0	BBC	0.0	üêæüê∂üíï Would you give a deaf dog a home? https://t.co/sjbsjOEzqT
53	0.0	Fri Jun 22 16:01:00 +0000 2018	0.0	1.0	BBC	0.0	"When the weekend's so close you can almost touch it...  üôå #FridayFeeling
 @Camila_Cabello https://t.co/eosSiBxZft"
54	0.0	Fri Jun 22 13:02:03 +0000 2018	0.0	1.0	BBC	0.0	"üòÇüé§ Hello, it's literally me... 
#HearHer https://t.co/7XMLDQMR3B"
55	0.0	Fri Jun 22 12:03:05 +0000 2018	0.0	1.0	BBC	0.0	Questions for a Sikh https://t.co/UhKZNiTRtC
56	-0.34	Fri Jun 22 11:00:13 +0000 2018	0.211	0.789	BBC	0.0	"Why do only some people get blackout drunk?
üëâ https://t.co/4C8KOCcSsU https://t.co/8S8axGO0F5"
57	0.0	Fri Jun 22 08:01:04 +0000 2018	0.0	1.0	BBC	0.0	In the aftermath of Hurricane Maria, Michelin-starred @chefjoseandres managed to feed more Puerto Ricans than any g‚Ä¶ https://t.co/SXJJG4hnMG
58	0.6632	Fri Jun 22 07:28:05 +0000 2018	0.14	0.482	BBC	0.378	"'Always forgive your enemies; nothing annoys them so much.'

Oscar Wilde's best quotes.
üëâ https://t.co/4ldEknyrSW https://t.co/vr8KdzXP89"
59	0.0	Fri Jun 22 07:00:04 +0000 2018	0.0	1.0	BBC	0.0	'I wax my face every 2 weeks and haven't been able to get pregnant, but I won't let polycystic ovary syndrome defin‚Ä¶ https://t.co/uyNbPpgeY7
60	-0.2023	Thu Jun 21 19:03:04 +0000 2018	0.184	0.816	BBC	0.0	"üòÇ That time @NoelFielding11 confronted some rowdy teens‚Ä¶
#LiveAtTheApollo https://t.co/tV9SB4r8Yz"
61	0.0	Thu Jun 21 18:01:06 +0000 2018	0.0	1.0	BBC	0.0	üì± Is social media impacting how we express ourselves?  https://t.co/nADRuAW49x
62	0.3134	Thu Jun 21 16:42:25 +0000 2018	0.062	0.811	BBC	0.127	"RT @bbcthree: What it feels like when you don't want your baby. #HearHer
(turn on your sound) https://t.co/7ErzX8p7Ag"
63	0.0	Thu Jun 21 16:01:04 +0000 2018	0.0	1.0	BBC	0.0	üòç The Scottish coast is incredible! https://t.co/pn2LdiZwdQ
64	0.8074	Thu Jun 21 16:00:09 +0000 2018	0.0	0.687	BBC	0.313	"RT @BBCRadio4: Activist
Poet
Director
Actor
Writer...
...and inspiration
@Aardman Animations made a beautiful short film about Maya Angelou‚Ä¶"
65	-0.7506	Thu Jun 21 13:02:34 +0000 2018	0.314	0.686	BBC	0.0	"üíîü¶ç Koko the gorilla has sadly died, aged 46.

Here's the story of her life. https://t.co/rIRb7mHpJx"
66	0.0	Thu Jun 21 12:28:30 +0000 2018	0.0	1.0	BBC	0.0	RT @BBCOne: In 1979, one surgeon was about to make NHS history by performing the UK's first heart transplant. https://t.co/HmUZBE5MLd
67	0.0	Thu Jun 21 12:25:47 +0000 2018	0.0	1.0	BBC	0.0	RT @bbcarts: Artistic Director at @royalcourt, @vicfeatherstone, has curated #Snatches - a series of provocative monologues, written and pe‚Ä¶
68	0.7845	Thu Jun 21 12:01:06 +0000 2018	0.0	0.699	BBC	0.301	Tessa Sanderson was the first British woman to win an Olympic gold medal in the javelin. #HearHer https://t.co/Kqff1C4QSe
69	0.0	Thu Jun 21 11:01:04 +0000 2018	0.0	1.0	BBC	0.0	"ü•ó What's behind the rise in veganism?
üëâ https://t.co/26dyqv3CWQ https://t.co/KZd2kBVkNW"
70	0.0	Thu Jun 21 09:55:19 +0000 2018	0.0	1.0	BBC	0.0	‚ù§Ô∏èüë∂ New Zealand's Prime Minister Jacinda Ardern has given birth to a baby girl, making her only the second elected‚Ä¶ https://t.co/7LDkCupd1c
71	0.5719	Thu Jun 21 09:13:56 +0000 2018	0.0	0.791	BBC	0.209	‚òÄÔ∏è Thousands of people have witnessed the sunrise at Stonehenge to celebrate the #SummerSolstice. https://t.co/f0PA5HYgRK
72	-0.8979	Thu Jun 21 08:01:01 +0000 2018	0.442	0.558	BBC	0.0	When a fire at a children's home in Guatemala killed dozens of teenage girls, it exposed a terrifying culture of ab‚Ä¶ https://t.co/saKLWSu1NT
73	0.6114	Thu Jun 21 07:45:57 +0000 2018	0.0	0.846	BBC	0.154	"‚òÄÔ∏è Happy #SummerSolstice! 
Today has an average of 16h 39m of daylight in the UK - that's 8h 49m more than during t‚Ä¶ https://t.co/Vg1QFQNU0r"
74	-0.5106	Thu Jun 21 07:27:03 +0000 2018	0.258	0.633	BBC	0.109	"üê∏üëÄ Frogs trapped in amber for 99 million years are giving a glimpse of a lost world.
üëâ https://t.co/FP7lgt3bLE https://t.co/W6F1W0PCtI"
75	0.6369	Thu Jun 21 07:01:04 +0000 2018	0.0	0.656	BBC	0.344	üéßüê¶üé∂ Five glorious minutes of a Caribbean dawn chorus. https://t.co/9t1PVkC4Kn
76	0.5994	Wed Jun 20 20:02:08 +0000 2018	0.0	0.726	BBC	0.274	üé£ @realbobmortimer and Paul Whitehouse share their personal and hilarious life experiences while travelling around‚Ä¶ https://t.co/NeZ1V04R74
77	-0.4019	Wed Jun 20 18:00:25 +0000 2018	0.31	0.69	BBC	0.0	"üç∑ @Rihanna. Wine glass stealer extraordinaire.
#TheGNShow https://t.co/no25tcxHJj"
78	0.4939	Wed Jun 20 17:32:05 +0000 2018	0.136	0.593	BBC	0.271	"Discover Porthcawl Elvis Festival, the largest Elvis festival in the world... 

Mad About Elvis | 7:30pm | @BBCOne‚Ä¶ https://t.co/JBFFZhtPMD"
79	0.0	Wed Jun 20 16:00:26 +0000 2018	0.0	1.0	BBC	0.0	"Gaming addiction is listed as mental health condition for first time by @WHO.

How much is too much? https://t.co/hB16QHI6B8"
80	0.3182	Wed Jun 20 14:35:32 +0000 2018	0.0	0.905	BBC	0.095	"RT @bbcworldservice: How the promise of dance lessons can keep children in school. 
 
@SunkitYole is just one of the nominees for the Outlo‚Ä¶"
81	0.0	Wed Jun 20 13:05:22 +0000 2018	0.0	1.0	BBC	0.0	RT @bbcthesocial: Salih fled Syria and travelled all the way to Scotland. He designed a tattoo to illustrate his incredible journey üíô #Worl‚Ä¶
82	0.5562	Wed Jun 20 13:02:04 +0000 2018	0.0	0.848	BBC	0.152	A baby boy who was born on a Paris commuter train has been given free rail travel until he is 25! üë∂üá´üá∑üéâ‚Ä¶ https://t.co/XeAeCBBjLj
83	0.7579	Wed Jun 20 12:00:21 +0000 2018	0.0	0.764	BBC	0.236	100 years after women won the right to vote, are we really any closer to true gender equality in 2018? @BBCArts ask‚Ä¶ https://t.co/qrc2yQ5WqF
84	0.3626	Wed Jun 20 11:03:05 +0000 2018	0.0	0.871	BBC	0.129	"How to have a baby, debone a chicken, and other life-changing YouTube hacks.
Because life's a little easier with th‚Ä¶ https://t.co/2RC1zxgYb4"
85	0.7207	Wed Jun 20 10:31:58 +0000 2018	0.0	0.759	BBC	0.241	RT @BBC6MorningShow: #PeoplesPlaylist time - we've got a VERY important job for the @BBC6Music family c/o friend of this show Jo Milne (@jo‚Ä¶
86	0.4767	Wed Jun 20 10:20:48 +0000 2018	0.0	0.86	BBC	0.14	üáØüáµ‚öΩÔ∏èüóë Japanese football fans have impressed the world by meticulously cleaning up their rows and seats in the stadi‚Ä¶ https://t.co/AGITQOknOI
87	0.0	Wed Jun 20 10:03:05 +0000 2018	0.0	1.0	BBC	0.0	"RT @BBCWales: When Darren 'Graceland' Jones becomes #Elvis, he touches the lives of many others by evoking memories... 

üé§ Our Lives: #MadA‚Ä¶"
88	0.7154	Wed Jun 20 09:47:39 +0000 2018	0.0	0.715	BBC	0.285	RT @bbcthree: Fatima lives in a refugee camp, but that's not stopping her will to succeed. #WorldRefugeeDay https://t.co/RnQJRDAY2y
89	0.6369	Wed Jun 20 08:00:23 +0000 2018	0.0	0.682	BBC	0.318	"18 of the greatest moments in human civilisation.
#Civilisations https://t.co/naGsXLkC95"
90	0.4404	Wed Jun 20 07:25:01 +0000 2018	0.0	0.873	BBC	0.127	"ü§îüí≠ 'Jamais vu is the opposite of d√©j√† vu.'

Eight things you *probably* haven't heard before about that funny feeli‚Ä¶ https://t.co/SLnIksuK3u"
91	0.0	Wed Jun 20 07:00:15 +0000 2018	0.0	1.0	BBC	0.0	Who knew Quidditch was a sport? https://t.co/VvZzXkTubL
92	0.128	Tue Jun 19 19:03:08 +0000 2018	0.165	0.613	BBC	0.222	"Follow Inside Justice as they investigate the cases of convicted murderers who claim to be innocent.

#Conviction |‚Ä¶ https://t.co/2FhNIkcgUH"
93	0.7351	Tue Jun 19 18:01:10 +0000 2018	0.0	0.763	BBC	0.237	"The squirrel family is one of the most widespread on earth, so what is the secret to their success? üêø

Natural Worl‚Ä¶ https://t.co/bWRqIik7Vw"
94	0.0	Tue Jun 19 18:00:21 +0000 2018	0.0	1.0	BBC	0.0	"Throwback to when #JodieWhittaker was revealed as the new Doctor in 2017. 

#HearHer @bbcdoctorwho https://t.co/Rm3uhZyyi1"
95	0.4215	Tue Jun 19 16:00:28 +0000 2018	0.0	0.859	BBC	0.141	"üêøüíö Billy was rescued at just 5 days old. 
Would you foster a baby red squirrel?

#SuperSquirrels | 8pm | @BBCTwo https://t.co/GIi8cAUz6R"
96	0.1511	Tue Jun 19 15:20:59 +0000 2018	0.0	0.919	BBC	0.081	"RT @cbbc: Want to cover @England's @hkane in #WorldCup stickers?! Download the CBBC Buzz app here üëâ https://t.co/dcRAwvWtxs

@BBCSport @BBC‚Ä¶"
97	0.0	Tue Jun 19 15:02:04 +0000 2018	0.0	1.0	BBC	0.0	"The Queen's granddaughter, Zara Tindall, has given birth to a baby girl. üë∂

https://t.co/LBMmlTU2Fq https://t.co/5E6W6MzXW8"
98	-0.7579	Tue Jun 19 14:59:48 +0000 2018	0.265	0.735	BBC	0.0	"RT @BBCOne: When a training exercise in Belize goes wrong, Captain James and Georgie find themselves in danger.

@michkeegan and @benaldrid‚Ä¶"
99	-0.5574	Tue Jun 19 13:38:02 +0000 2018	0.159	0.841	BBC	0.0	"The world's oldest known Sumatran orangutan has died in an Australian zoo aged 62, leaving behind 54 descendants.
üëâ‚Ä¶ https://t.co/ot0RvvMGaY"
100	0.0	Tue Jun 26 04:18:05 +0000 2018	0.0	1.0	CBSNews	0.0	"Trump slams ""filthy"" restaurant that kicked out Sarah Sanders https://t.co/DCUVVyhTXQ https://t.co/o7e1Widf9T"
101	0.2732	Tue Jun 26 04:03:04 +0000 2018	0.0	0.851	CBSNews	0.149	Trump supporter defends administration for separating children from parents at border https://t.co/BUbL1H7BEd https://t.co/eYQ8kaYoRG
102	-0.0227	Tue Jun 26 03:48:04 +0000 2018	0.233	0.539	CBSNews	0.228	GOP Senate candidate says Civil War wasn't about slavery https://t.co/AbvGH6Mkjp https://t.co/KPJWkk6IHI
103	-0.7783	Tue Jun 26 03:33:05 +0000 2018	0.362	0.638	CBSNews	0.0	"Factory workers lose jobs as steel tariffs put business in ""crisis mode"" https://t.co/eTlzthAqJ0 https://t.co/yyTP6vzgZH"
104	-0.6705	Tue Jun 26 03:18:03 +0000 2018	0.273	0.727	CBSNews	0.0	Scientist killed while camping with daughters at Malibu Creek State Park https://t.co/071YQC4yAX https://t.co/Wzd1UGERXP
105	0.0	Tue Jun 26 03:03:03 +0000 2018	0.0	1.0	CBSNews	0.0	"Commentary: The message ""86-ing"" Sarah Sanders sent to conservatives https://t.co/qgnxZHtn0j https://t.co/PiIDXpZONK"
106	-0.8126	Tue Jun 26 02:39:36 +0000 2018	0.344	0.656	CBSNews	0.0	"""He's missed a lot in this decade"": Man framed in police corruption scandal released from prison after 10 years‚Ä¶ https://t.co/N2ZECs7ZSR"
107	-0.1531	Tue Jun 26 02:19:42 +0000 2018	0.091	0.909	CBSNews	0.0	Sarah Sanders' Virginia restaurant encounter kicks off debate about confronting Trump allies, with the Democrats di‚Ä¶ https://t.co/eW4Di6HM4K
108	-0.296	Tue Jun 26 02:15:16 +0000 2018	0.157	0.741	CBSNews	0.102	"Commander of Texas tent city blasts ""dumb, stupid"" zero tolerance immigration policy that separates children from t‚Ä¶ https://t.co/Wy2KtTBlyU"
109	-0.5719	Tue Jun 26 01:59:43 +0000 2018	0.217	0.783	CBSNews	0.0	A blind and deaf man was alone on a flight and couldn't communicate with others. That's when a teenager stepped in‚Ä¶ https://t.co/MiQ5GMOet1
110	0.0	Tue Jun 26 01:39:39 +0000 2018	0.0	1.0	CBSNews	0.0	Meat-lovers beware: Maine is on the lookout for ticks that cause allergy to red meat https://t.co/RCBsC7Epj2 https://t.co/89xc4mk428
111	0.624	Tue Jun 26 01:20:38 +0000 2018	0.0	0.769	CBSNews	0.231	A very good dog on the Chicago Police Department's narcotics unit sniffed out $10 million worth of marijuana stashe‚Ä¶ https://t.co/eGGvdpUetS
112	-0.2732	Tue Jun 26 01:00:58 +0000 2018	0.075	0.925	CBSNews	0.0	Not only did he risk his life, trekking 600 miles to the South Pole -- he did it with his son by his side. Stream t‚Ä¶ https://t.co/o4arGfTWOL
113	0.4019	Tue Jun 26 00:42:39 +0000 2018	0.0	0.881	CBSNews	0.119	"""It's the party of Maxine Waters. Do you believe her?"" says President Trump on the state of the Democratic party‚Ä¶ https://t.co/WqbIwAvqEl"
114	-0.2732	Tue Jun 26 00:36:27 +0000 2018	0.183	0.717	CBSNews	0.1	"""He's lost, he looks like a lost soul"": President Trump speaks to crowd about Jimmy Fallon, after the host said he‚Ä¶ https://t.co/NnnNVUxFmN"
115	-0.34	Tue Jun 26 00:20:02 +0000 2018	0.138	0.862	CBSNews	0.0	Child fires shot inside an Indiana Ikea after finding a gun in a display couch cushion https://t.co/6siTzDV0SS https://t.co/mEHM6r5MIy
116	0.5106	Tue Jun 26 00:04:59 +0000 2018	0.0	0.798	CBSNews	0.202	WATCH: President Trump greets crowd at rally in Columbia, South Carolina to support Gov. Henry McMaster in gubernat‚Ä¶ https://t.co/tQelHV4Soo
117	0.0	Mon Jun 25 23:59:47 +0000 2018	0.0	1.0	CBSNews	0.0	Viral video shows fans from two very different countries singing together after tied World Cup match‚Ä¶ https://t.co/hcL1Ek4zr6
118	0.5719	Mon Jun 25 23:39:33 +0000 2018	0.0	0.761	CBSNews	0.239	CBS extends agreement to stream NFL games on CBS All Access through the 2022 season https://t.co/j0hXUS9AKv https://t.co/ISLV5avvB6
119	-0.0772	Mon Jun 25 23:21:02 +0000 2018	0.084	0.844	CBSNews	0.071	This father and son just risked their lives trekking to the bottom of the planet. Watch their emotional journey in‚Ä¶ https://t.co/aFtulBl916
120	-0.345	Mon Jun 25 23:19:35 +0000 2018	0.212	0.788	CBSNews	0.0	These U.S. industries can't work without illegal immigrants https://t.co/YFkG2cLiAJ https://t.co/crPqSZTNun
121	0.4588	Mon Jun 25 23:03:33 +0000 2018	0.106	0.669	CBSNews	0.224	How a teen stepped up to help blind and deaf man in random act of kindness during a flight to Portland:‚Ä¶ https://t.co/rA4BoGvABJ
122	0.4797	Mon Jun 25 22:57:20 +0000 2018	0.122	0.663	CBSNews	0.215	Two people were killed when a small plane crashed in Detroit yesterday, but remarkably, a teenager survived thanks‚Ä¶ https://t.co/DlJqBRAblO
123	0.0	Mon Jun 25 22:54:59 +0000 2018	0.0	1.0	CBSNews	0.0	"Women in Saudi Arabia got the green light to drive for the first time over the weekend. 

Holly Williams reports on‚Ä¶ https://t.co/IXfxrKVl9W"
124	-0.3818	Mon Jun 25 22:52:36 +0000 2018	0.133	0.867	CBSNews	0.0	California Gov. Jerry Brown today declared state of emergency in northern California because of a wildfire that has‚Ä¶ https://t.co/vq4jp6sHrB
125	-0.3612	Mon Jun 25 22:50:59 +0000 2018	0.171	0.829	CBSNews	0.0	.@harleydavidson said it is planning to shift some production overseas to avoid tariffs Europe imposed when Pres. T‚Ä¶ https://t.co/b9Do9TvlMO
126	-0.296	Mon Jun 25 22:48:15 +0000 2018	0.109	0.891	CBSNews	0.0	More than 500 children have been reunited with their families since Pres. Trump ordered agencies to stop separating‚Ä¶ https://t.co/P4rGAuM8Ad
127	0.0	Mon Jun 25 22:44:00 +0000 2018	0.0	1.0	CBSNews	0.0	"""I wouldn't ask anyone to leave."" 

@jeffglor talks to a group of bipartisan voters in California, asking them abou‚Ä¶ https://t.co/HzZncSNZDc"
128	-0.3818	Mon Jun 25 22:36:19 +0000 2018	0.23	0.652	CBSNews	0.117	Sarah Sanders denounced threats made against her and other Trump officials as members both parties criticized a Vir‚Ä¶ https://t.co/8GZUGvo7Xo
129	0.0	Mon Jun 25 22:20:18 +0000 2018	0.0	1.0	CBSNews	0.0	Most dogs can make your heart melt, but Officer Poncho will jump start it with CPR  https://t.co/1PdBB0uzGH https://t.co/ij8Hy6t1oG
130	0.2023	Mon Jun 25 22:00:01 +0000 2018	0.0	0.859	CBSNews	0.141	The week in politics: Top trends and people to watch https://t.co/W2VYr6Jhyy https://t.co/9y3DvDLkcF
131	-0.431	Mon Jun 25 21:39:33 +0000 2018	0.161	0.839	CBSNews	0.0	Many worry about what lies beneath the water during a visit to the beach, but maybe you should be concerned about w‚Ä¶ https://t.co/RY1kEBNYPn
132	-0.6908	Mon Jun 25 21:19:39 +0000 2018	0.213	0.787	CBSNews	0.0	Time to put the training wheels back on? Study finds that hundreds of kids are hurt in bike accidents every day. Bu‚Ä¶ https://t.co/ezMIaJmFyV
133	0.0	Mon Jun 25 21:03:18 +0000 2018	0.0	1.0	CBSNews	0.0	"NEW TIME: @CBSNews' politics show ""Red &amp; Blue"" streams at 5 p.m. ET on CBSN.

Watch now: https://t.co/P7G5YsDifE https://t.co/oK16SpcMw3"
134	0.8074	Mon Jun 25 20:59:59 +0000 2018	0.0	0.57	CBSNews	0.43	"WATCH: This ""beary"" impressive cub bravely climbed a ladder to escape a basement in Wisconsin.‚Ä¶ https://t.co/Se5g0VfBr0"
135	0.4939	Mon Jun 25 20:40:45 +0000 2018	0.0	0.824	CBSNews	0.176	World Cup players fined $10,000 for making hand gestures during Switzerland vs. Serbia game https://t.co/D8zlISNW5l https://t.co/Vfyqn82Cdy
136	-0.5574	Mon Jun 25 20:30:03 +0000 2018	0.205	0.795	CBSNews	0.0	"Today marks nine years since the King of Pop died.

R.I.P. Michael Jackson. https://t.co/KlxnYWFAdP https://t.co/itnve2y6k5"
137	-0.5574	Mon Jun 25 20:23:30 +0000 2018	0.159	0.841	CBSNews	0.0	Saudi Arabia's ban on female drivers has officially ended and women are zooming right into a new career behind the‚Ä¶ https://t.co/dAHt3YhkOy
138	0.34	Mon Jun 25 20:15:59 +0000 2018	0.0	0.882	CBSNews	0.118	"Sanders on family separation policy: ""We consider enforcing the law the role the administration has to play. Certai‚Ä¶ https://t.co/3xX1XjTBI7"
139	0.3818	Mon Jun 25 20:09:12 +0000 2018	0.0	0.841	CBSNews	0.159	"""Sure I was responding to a number of news stories. It was considered news of the day, so I responded the way I wou‚Ä¶ https://t.co/kYD0TohFMk"
140	-0.5859	Mon Jun 25 20:07:39 +0000 2018	0.248	0.649	CBSNews	0.103	"""Again, the EU is trying to punish U.S. workers because they have engaged repeatedly in unfair trade practices and‚Ä¶ https://t.co/m4olTqTGj8"
141	0.3818	Mon Jun 25 20:04:15 +0000 2018	0.0	0.88	CBSNews	0.12	"""Just because you don't see a judge doesn't mean you aren't receiving due process. The president is focused on secu‚Ä¶ https://t.co/tANZVerxZ7"
142	0.0	Mon Jun 25 20:01:05 +0000 2018	0.0	1.0	CBSNews	0.0	"WATCH NOW: White House Press Secretary Sarah Sanders addresses removal from Virginia restaurant, says ""calls for ha‚Ä¶ https://t.co/04rNzmQXfp"
143	0.7845	Mon Jun 25 19:59:48 +0000 2018	0.0	0.723	CBSNews	0.277	FIFA has fined two Switzerland players for making hand gestures of an Albanian national symbol to celebrate World C‚Ä¶ https://t.co/AHuln2ZJ8H
144	-0.1531	Mon Jun 25 19:44:38 +0000 2018	0.221	0.583	CBSNews	0.196	In a procession on Monday that was equal parts funeral and demonstration, mourners carried signs honoring Antwon Ro‚Ä¶ https://t.co/YhEi47U6We
145	0.6249	Mon Jun 25 19:29:37 +0000 2018	0.0	0.733	CBSNews	0.267	In a milestone for medical marijuana products, the FDA granted federal approval for a prescription epilepsy medicat‚Ä¶ https://t.co/LPJMmexgJn
146	-0.7506	Mon Jun 25 19:14:54 +0000 2018	0.299	0.701	CBSNews	0.0	Police have made arrests in connection with last week's fatal stabbing of 15-year-old Lesandro Guzman-Ortiz outside‚Ä¶ https://t.co/rUQUr1VTRf
147	0.4404	Mon Jun 25 19:00:24 +0000 2018	0.0	0.868	CBSNews	0.132	WATCH: World Cup fans for Senegal and Japan sing together after tied game -- proving good sportsmanship is stronger‚Ä¶ https://t.co/ct13Y3Of91
148	-0.296	Mon Jun 25 18:44:35 +0000 2018	0.115	0.885	CBSNews	0.0	An Arizona pharmacist refused to fill a doctor ordered prescription to end a pregnancy that would result in a still‚Ä¶ https://t.co/ufCsuBt6wH
149	0.743	Mon Jun 25 18:31:01 +0000 2018	0.0	0.777	CBSNews	0.223	"Trump on Middle East peace plan: ""A lot of progress has been made in the Middle East, a lot. It started with the en‚Ä¶ https://t.co/CzGZNSq0is"
150	0.6453	Mon Jun 25 18:27:51 +0000 2018	0.0	0.837	CBSNews	0.163	"""I was very, very happy that I signed that. And it also -- it shows, you know, we're all talking about humanity,"" P‚Ä¶ https://t.co/016AUprvHA"
151	-0.1531	Mon Jun 25 18:25:26 +0000 2018	0.074	0.926	CBSNews	0.0	"It's official: Toys ""R"" Us will close the last of its stores this Friday. Millennials ""R"" going to miss you‚Ä¶ https://t.co/dLat7dIZM4"
152	0.0	Mon Jun 25 18:23:47 +0000 2018	0.0	1.0	CBSNews	0.0	MOMENTS AGO: Pres. Trump meets with the king and queen of Jordan in the Oval Office as the administration prepares‚Ä¶ https://t.co/rvcGChxxC7
153	0.296	Mon Jun 25 18:10:20 +0000 2018	0.0	0.905	CBSNews	0.095	In Florida, chickens don't cross the road, alligators do. This gator had two women helping it cross the road when i‚Ä¶ https://t.co/L0jowoXltY
154	-0.34	Mon Jun 25 17:54:42 +0000 2018	0.118	0.882	CBSNews	0.0	Gun industry leaders are seeking additional protection in Congress as they continue to find the cold shoulder throu‚Ä¶ https://t.co/9aIF7i9HUH
155	-0.2263	Mon Jun 25 17:39:42 +0000 2018	0.225	0.775	CBSNews	0.0	Rattlesnakes could be lurking in your pool noodles, officials warn https://t.co/fkIToO1sk9 https://t.co/L8T5Hp0vEk
156	0.0516	Mon Jun 25 17:24:53 +0000 2018	0.108	0.776	CBSNews	0.116	"""A teacher to the end"" makes final request for her own funeral, as a way to help students in need‚Ä¶ https://t.co/z3obhrXcPF"
157	0.0	Mon Jun 25 17:09:31 +0000 2018	0.0	1.0	CBSNews	0.0	President Trump's steel tariff ‚Äî essentially a 25 percent tax ‚Äî may backfire on the very people the president is ai‚Ä¶ https://t.co/oDNwnUbXpE
158	-0.7184	Mon Jun 25 16:54:38 +0000 2018	0.353	0.647	CBSNews	0.0	Thousands evacuate as firefighters battle a raging wildfire tearing through rural California https://t.co/VLG14Z02j5 https://t.co/yGw6STVeTE
159	0.0	Mon Jun 25 16:36:41 +0000 2018	0.0	1.0	CBSNews	0.0	"""Old Man"" from ""Pawn Stars"" dies at age 77 https://t.co/6Kf7oNCa58 https://t.co/54mzLfPgtI"
160	-0.2617	Mon Jun 25 16:24:43 +0000 2018	0.148	0.742	CBSNews	0.109	"""You were not involved but now you're stained with an original sins ... What kind of a religion is that? That's wha‚Ä¶ https://t.co/dhAEwudxDW"
161	0.0	Mon Jun 25 16:09:32 +0000 2018	0.0	1.0	CBSNews	0.0	Harley-Davidson takes a hit with a 25 percent tariff hike levied on bikes exported from the U.S. to the EU‚Ä¶ https://t.co/JZnRZx9vsk
162	0.5574	Mon Jun 25 15:51:23 +0000 2018	0.0	0.854	CBSNews	0.146	The Supreme Court has declined to weigh in on the case of Brendan Dassey, whose attorneys assert he is borderline i‚Ä¶ https://t.co/G1HIVrEz4J
163	0.34	Mon Jun 25 15:14:42 +0000 2018	0.096	0.746	CBSNews	0.158	The Supreme Court is passing‚Äî for now‚Äî on deciding if businesses can refuse to comply with anti-discrimination laws‚Ä¶ https://t.co/dIEvtIztfm
164	-0.5106	Mon Jun 25 14:59:58 +0000 2018	0.191	0.809	CBSNews	0.0	"Outcry after woman dubbed ""Permit Patty"" calls police on a black child selling water https://t.co/hUhkQiJB0Q https://t.co/G9Ryc1YqbZ"
165	0.0	Mon Jun 25 14:45:01 +0000 2018	0.0	1.0	CBSNews	0.0	Texas group takes in about 30 parents separated from kids https://t.co/cd1Mdd51Wj https://t.co/R9q3aiBTiU
166	0.4404	Mon Jun 25 14:29:49 +0000 2018	0.0	0.738	CBSNews	0.262	Defense Sec. James Mattis focuses on security issues in China talks https://t.co/dTfE2RXCem https://t.co/ofJzTztOC0
167	0.0	Mon Jun 25 14:24:25 +0000 2018	0.137	0.725	CBSNews	0.137	NEW: The Supreme Court will not rule on President Trump's so-called travel ban. The justices will also not hear the‚Ä¶ https://t.co/0kUWpmZvjl
168	-0.25	Mon Jun 25 14:14:59 +0000 2018	0.167	0.833	CBSNews	0.0	Prosecutors cancel Stormy Daniels meeting in Michael Cohen probe https://t.co/tW7nWJEqGl https://t.co/2LUblzA39l
169	-0.2732	Mon Jun 25 14:00:53 +0000 2018	0.118	0.814	CBSNews	0.068	WATCH: Law enforcement officers in Texas have launched an epic lip-sync battle -- and their serenades have gone vir‚Ä¶ https://t.co/EBkve4UWwT
170	0.296	Mon Jun 25 13:44:40 +0000 2018	0.078	0.781	CBSNews	0.141	Looming question for special counsel Robert Mueller: How much will Americans learn about his Russia investigation?‚Ä¶ https://t.co/mjNERparbA
171	-0.7906	Mon Jun 25 13:29:47 +0000 2018	0.333	0.667	CBSNews	0.0	2 dead, 1 critically injured as plane crashes in Detroit, apparently after hitting a power line and tree‚Ä¶ https://t.co/zsbNr3AKAO
172	0.0	Mon Jun 25 13:14:41 +0000 2018	0.0	1.0	CBSNews	0.0	"Jimmy Fallon responds after President Trump tells TV host to ""be a man"" over hair-tousling https://t.co/lNAZj33hrr https://t.co/LMLYyGu0id"
173	0.1779	Mon Jun 25 12:50:09 +0000 2018	0.0	0.918	CBSNews	0.082	Raising backyard chickens in urban areas is a growing trend. A study of 150 of the most populated U.S. cities finds‚Ä¶ https://t.co/FWzHBRjVGg
174	0.0	Mon Jun 25 12:39:57 +0000 2018	0.0	1.0	CBSNews	0.0	Not your average coffee run: Dueling iguanas hold up traffic in Florida Starbucks parking lot‚Ä¶ https://t.co/GJGVD0w2Wb
175	-0.4019	Mon Jun 25 12:36:46 +0000 2018	0.119	0.881	CBSNews	0.0	The latest CBS News battleground tracker shows half the people in key states of Arizona, Texas, and Florida say the‚Ä¶ https://t.co/PfTYZQjcQK
176	0.0	Mon Jun 25 12:33:37 +0000 2018	0.0	1.0	CBSNews	0.0	Here‚Äôs a look at some of this morning‚Äôs headlines on @CBSThisMorning https://t.co/qhmOJyJf4t
177	-0.8271	Mon Jun 25 12:30:41 +0000 2018	0.312	0.688	CBSNews	0.0	"Roseanne Barr says she's made herself a ""hate magnet,"" in her first interview since posting a racist tweet that led‚Ä¶ https://t.co/N7jgmfpwgY"
178	0.0	Mon Jun 25 12:28:55 +0000 2018	0.0	1.0	CBSNews	0.0	RT @CBSThisMorning: New Zealand's prime minister made her first public appearance with her newborn. Jacinda Ardern  introduced her daughter‚Ä¶
179	-0.2732	Mon Jun 25 12:24:19 +0000 2018	0.11	0.89	CBSNews	0.0	"Research in ""Pediatrics"" connects insufficient sleep in young teens to cardiac risk factors, including high blood p‚Ä¶ https://t.co/2MRPx0aoBc"
180	0.5423	Mon Jun 25 12:19:38 +0000 2018	0.096	0.655	CBSNews	0.249	Turkey's Erdogan wins second presidential term, granted sweeping new powers, which critics say will cement what the‚Ä¶ https://t.co/LQtUEv72tT
181	-0.7906	Mon Jun 25 12:11:44 +0000 2018	0.28	0.72	CBSNews	0.0	There will be a funeral this morning for an unarmed black teenager shot and killed by police officers in Pittsburgh‚Ä¶ https://t.co/QLpeeDGfAx
182	-0.743	Mon Jun 25 12:10:16 +0000 2018	0.24	0.76	CBSNews	0.0	Five gang members are under arrest in the Bronx for the stabbing death of a 15-year-old boy who dreamed of being an‚Ä¶ https://t.co/clGzzuTv37
183	0.128	Mon Jun 25 12:08:11 +0000 2018	0.0	0.923	CBSNews	0.077	Defense Secretary James Mattis confirms the Pentagon is preparing to build temporary camps for immigrants at two mi‚Ä¶ https://t.co/xmBAzHt3gX
184	0.8122	Mon Jun 25 11:59:52 +0000 2018	0.0	0.641	CBSNews	0.359	"""Kindness, compassion, and positivity are very important traits in life,"" Melania Trump tells students at SADD conf‚Ä¶ https://t.co/hmOL85StjV"
185	0.0	Mon Jun 25 11:53:04 +0000 2018	0.0	1.0	CBSNews	0.0	Here‚Äôs a look at some of this morning‚Äôs headlines on @CBSThisMorning https://t.co/l24eRjFwKa
186	-0.3818	Mon Jun 25 11:39:32 +0000 2018	0.217	0.783	CBSNews	0.0	Florida Attorney General Pam Bondi responds after protesters confront her at Mr. Rogers movie‚Ä¶ https://t.co/XZsIkzXlrK
187	-0.5994	Mon Jun 25 11:37:00 +0000 2018	0.178	0.822	CBSNews	0.0	Police in California are investigating the unusual death of a man who was camping with his two young daughters: https://t.co/6xtV8y50G3
188	0.1779	Mon Jun 25 11:36:00 +0000 2018	0.0	0.914	CBSNews	0.086	There is growing backlash against a San Francisco woman who allegedly called police on an 8-year-old black girl sel‚Ä¶ https://t.co/MjDUMzsE5E
189	0.0	Mon Jun 25 11:35:27 +0000 2018	0.0	1.0	CBSNews	0.0	"Here are 3 things you should know this morning:
1‚É£Secretary Mattis heads to China
2‚É£Bicycle-related injuries
3‚É£Mari‚Ä¶ https://t.co/FxpXOnq8Hs"
190	-0.3182	Mon Jun 25 11:20:01 +0000 2018	0.187	0.813	CBSNews	0.0	"""I've lost everything"": Roseanne Barr gives tearful new interview https://t.co/stR4yq8wr4 https://t.co/xNg4Zip6aP"
191	-0.5574	Mon Jun 25 11:19:15 +0000 2018	0.146	0.854	CBSNews	0.0	A new era is underway in Saudi Arabia, as newly-empowered women got behind the wheel as the world's last ban on fem‚Ä¶ https://t.co/pkaX3beuMU
192	0.6249	Mon Jun 25 11:18:33 +0000 2018	0.0	0.758	CBSNews	0.242	Turkish President Recep Tayyip Erdogan was proclaimed the winner early Monday of a landmark election that ushers in‚Ä¶ https://t.co/qezaKP2Kcv
193	-0.7964	Mon Jun 25 11:18:01 +0000 2018	0.336	0.664	CBSNews	0.0	Tensions are high in Minneapolis after the police killing of a black man, Thurman Blevins https://t.co/tILc8iPMF2 https://t.co/U0If4iaJYo
194	0.0	Mon Jun 25 11:16:39 +0000 2018	0.0	1.0	CBSNews	0.0	The uproar over the president‚Äôs immigration policy left his press secretary without a table over the weekend. A Vir‚Ä¶ https://t.co/OaWQ2fktuR
195	0.0772	Mon Jun 25 11:14:53 +0000 2018	0.0	0.929	CBSNews	0.071	The Trump administration says it is still separating a small number of immigrant children from adults. @cbsmireya s‚Ä¶ https://t.co/5pDMBgDaaW
196	0.0	Mon Jun 25 11:11:56 +0000 2018	0.0	1.0	CBSNews	0.0	The government says more than 500 immigrant children are back with their families. More than 2,000 others are still‚Ä¶ https://t.co/KqQFS1mxQN
197	0.0	Mon Jun 25 11:08:40 +0000 2018	0.0	1.0	CBSNews	0.0	President Trump now says undocumented immigrants who cross the southern U.S. border illegally are invading the coun‚Ä¶ https://t.co/gwwtRX0O1g
198	-0.6705	Mon Jun 25 11:06:07 +0000 2018	0.234	0.766	CBSNews	0.0	A dangerous and fast-moving wildfire is out of control in Northern California. The Pawnee Fire is just 20 miles fro‚Ä¶ https://t.co/W4rVKRUpIz
199	0.0772	Mon Jun 25 10:59:56 +0000 2018	0.137	0.711	CBSNews	0.152	Teen's random act of kindness for blind and deaf man on airplane goes viral https://t.co/rJMJmmVFW2 https://t.co/f8zaJuOkKn
200	-0.2263	Tue Jun 26 04:15:08 +0000 2018	0.101	0.899	CNN	0.0	These kids were carrying water in pots to fill up their pool. Then firefighters stopped to help.‚Ä¶ https://t.co/lvY6YJxEuN
201	0.3612	Tue Jun 26 04:00:10 +0000 2018	0.0	0.884	CNN	0.116	One of Canada's biggest music festivals is on pause because of a small bird and its nest of four eggs‚Ä¶ https://t.co/AwOtxlJ12t
202	-0.34	Tue Jun 26 03:46:09 +0000 2018	0.13	0.87	CNN	0.0	"""That's not right. That's not American."" Sen. Chuck Schumer sharply criticizes fellow Democratic Rep. Maxine Waters‚Ä¶ https://t.co/UXbrklg8il"
203	0.7184	Tue Jun 26 03:31:08 +0000 2018	0.0	0.727	CNN	0.273	A hot air balloon pilot was rescued from a lake after striking power lines during a festival in Howell, Michigan‚Ä¶ https://t.co/L9adguvh7Z
204	-0.2732	Tue Jun 26 03:25:06 +0000 2018	0.08	0.92	CNN	0.0	"RT @CNNTonight: ""The President has a lot to do with setting the tone and the tone has reduced to a low level that I have not seen before,""‚Ä¶"
205	0.0	Tue Jun 26 03:15:03 +0000 2018	0.0	1.0	CNN	0.0	The oil and gas industry is coming for Colorado's sand dunes, writes Alana Miller for @CNNOpinion‚Ä¶ https://t.co/cdf4yaz8HQ
206	0.0	Tue Jun 26 03:09:58 +0000 2018	0.0	1.0	CNN	0.0	"RT @CNNTonight: Former presidential adviser David Gergen says President Trump is a ""demagogue,"" adding ""but the only way we're going to res‚Ä¶"
207	0.2263	Tue Jun 26 03:07:12 +0000 2018	0.094	0.773	CNN	0.133	RT @CuomoPrimeTime: NBA champ Draymond Green: We would say no to visiting the Trump White House again today https://t.co/MqQkiUzQ20 https:/‚Ä¶
208	0.0	Tue Jun 26 03:00:07 +0000 2018	0.0	1.0	CNN	0.0	Former President George HW Bush met with former President Bill Clinton and congratulated him on the publication of‚Ä¶ https://t.co/GiInYV7CRx
209	0.4466	Tue Jun 26 02:45:04 +0000 2018	0.0	0.816	CNN	0.184	Pentagon will be asked to OK plans to house immigrants on 2 bases https://t.co/YPtFxD3eAT https://t.co/x1plETAaUV
210	0.0	Tue Jun 26 02:44:56 +0000 2018	0.0	1.0	CNN	0.0	RT @CuomoPrimeTime: Rep. Debbie Wasserman Schultz tells @ChrisCuomo that ‚Äúprotecting children and keeping them with their parents‚Äù is a hil‚Ä¶
211	0.0	Tue Jun 26 02:30:00 +0000 2018	0.0	1.0	CNN	0.0	"""I could not say anything to him because they took him away when he was asleep."" These parents were separated from‚Ä¶ https://t.co/8n7KaphuQv"
212	0.0	Tue Jun 26 02:15:00 +0000 2018	0.0	1.0	CNN	0.0	"Republican congressional candidate Antonio Sabato Jr. says Democratic Rep. Maxine Waters is a ‚Äúhustler of hate."" Th‚Ä¶ https://t.co/3ynOYvYOOt"
213	0.0	Tue Jun 26 02:00:12 +0000 2018	0.0	1.0	CNN	0.0	"Former White House communications director Anthony Scaramucci says President Trump should ""take the higher ground""‚Ä¶ https://t.co/YZeyh1aTQF"
214	-0.5423	Tue Jun 26 01:45:06 +0000 2018	0.243	0.757	CNN	0.0	Facebook is falling for a faux scandal cooked up by conservatives, writes Angelo Carusone for @CNNOpinion‚Ä¶ https://t.co/qstGWlgClM
215	0.0	Tue Jun 26 01:30:12 +0000 2018	0.0	1.0	CNN	0.0	Quickly catch up on the day's news https://t.co/k3jrSVf3rA https://t.co/WFo9eFMzvp
216	0.5965	Tue Jun 26 01:15:06 +0000 2018	0.0	0.77	CNN	0.23	This palace is one of the most culturally rich destinations in Vietnam https://t.co/AIclngDZ1L https://t.co/17wP17dRh1
217	0.0	Tue Jun 26 01:00:10 +0000 2018	0.0	1.0	CNN	0.0	Flight attendants get more uterine, thyroid and other cancers, study finds https://t.co/ufKnxiOq5I https://t.co/rKxc4P1b0j
218	0.7351	Tue Jun 26 00:45:06 +0000 2018	0.0	0.708	CNN	0.292	Meet Trump's new approval rating. Same as his old approval rating. https://t.co/v7nwz2LGvc | Analysis by Chris Cill‚Ä¶ https://t.co/d6A6WdjwpI
219	0.4767	Tue Jun 26 00:30:04 +0000 2018	0.0	0.78	CNN	0.22	Does President Trump's approval rating predict a 2020 re-election? https://t.co/3ZLpCL006e (via @CNNOpinion) https://t.co/wypeURiFId
220	-0.765	Tue Jun 26 00:15:05 +0000 2018	0.375	0.625	CNN	0.0	Entire police force of Mexico town detained after mayoral candidate's assassination https://t.co/j09xa2R6EI https://t.co/R8eXw8Euff
221	-0.4767	Tue Jun 26 00:00:08 +0000 2018	0.181	0.819	CNN	0.0	Democratic Rep. Maxine Waters' comments are dangerous, an ex-secret service agent writes for @CNNOpinion‚Ä¶ https://t.co/upPzpHjJ8U
222	0.0	Mon Jun 25 23:45:07 +0000 2018	0.0	1.0	CNN	0.0	"Rep. Maxine Waters pushes back against President Trump, saying she wasn't calling for people to ""harm"" his supporte‚Ä¶ https://t.co/CQnYvyowwc"
223	0.4019	Mon Jun 25 23:40:08 +0000 2018	0.0	0.847	CNN	0.153	Russian company asks court to say special counsel Robert Mueller's investigation is out of bounds‚Ä¶ https://t.co/3dX7ITlQ98
224	0.0	Mon Jun 25 23:33:04 +0000 2018	0.0	1.0	CNN	0.0	The real story behind President Trump's immigration executive order https://t.co/R9WKpccwO3 https://t.co/aGRA6nk7Ma
225	0.0	Mon Jun 25 23:26:06 +0000 2018	0.0	1.0	CNN	0.0	Conservatives grumble about House GOP's handling of investigation into FBI https://t.co/zjBjyvGAYG https://t.co/LWs10ZJiXy
226	-0.6808	Mon Jun 25 23:19:03 +0000 2018	0.272	0.728	CNN	0.0	"Internet mocks ""Permit Patty"" after woman threatens to call police about a black girl selling bottled water‚Ä¶ https://t.co/WgSiTZpCAh"
227	-0.3818	Mon Jun 25 23:12:07 +0000 2018	0.148	0.852	CNN	0.0	One sign targeted liberals. The other aimed at bigots. Even billboards battle in Texas. https://t.co/bD3r8DBHNH https://t.co/IKGQROGoOn
228	0.0	Mon Jun 25 23:05:04 +0000 2018	0.0	1.0	CNN	0.0	How close are we to an insulin pill, instead of a shot, for diabetes patients? https://t.co/W5z6cDbWdK https://t.co/zKRxvRdtAM
229	-0.34	Mon Jun 25 22:58:06 +0000 2018	0.156	0.844	CNN	0.0	Democrats are making a big mistake on immigration, Scott Jennings writes for @CNNOpinion https://t.co/oC1b8eUAFp https://t.co/4h1V6HBuPz
230	-0.743	Mon Jun 25 22:51:06 +0000 2018	0.344	0.656	CNN	0.0	"President Trump accuses Harley-Davidson of waving ""white flag"" in budding trade war https://t.co/7qBe95mDEJ https://t.co/ngBRZ7n2aq"
231	0.0	Mon Jun 25 22:44:05 +0000 2018	0.0	1.0	CNN	0.0	"The Academy invitees include stars from ""Girls Trip"" and ""Black Panther"" https://t.co/V27sODT0D7 https://t.co/aHMih9gttj"
232	0.0	Mon Jun 25 22:37:07 +0000 2018	0.0	1.0	CNN	0.0	President Trump courts Russian leader Vladimir Putin as relations with Europe sour https://t.co/RJBnPIMZjw https://t.co/11j1F52l3G
233	0.3612	Mon Jun 25 22:30:06 +0000 2018	0.066	0.778	CNN	0.156	President Trump fumes over immigration courts Attorney General Jeff Sessions has focused on https://t.co/AzKMdu6oYw https://t.co/8BzveH0gzN
234	0.5574	Mon Jun 25 22:23:05 +0000 2018	0.116	0.602	CNN	0.282	White House senior adviser Jared Kushner casts doubt on Palestinian leader's commitment to peace deal‚Ä¶ https://t.co/KW6aBgGAWf
235	0.1779	Mon Jun 25 22:16:04 +0000 2018	0.0	0.855	CNN	0.145	Growing up black in America through Antwon Rose's eyes https://t.co/Z6bfIrGimw https://t.co/OCUO9Ql94h
236	-0.34	Mon Jun 25 22:09:03 +0000 2018	0.13	0.87	CNN	0.0	Senate Minority Leader Chuck Schumer sharply criticizes fellow Democrat Rep. Maxine Waters for calling on opponents‚Ä¶ https://t.co/5jYit3bAaQ
237	-0.0516	Mon Jun 25 22:02:07 +0000 2018	0.216	0.588	CNN	0.196	Wells Fargo accused of misconduct again https://t.co/ztlbabt6wr https://t.co/5hPWiEWvK2
238	0.0	Mon Jun 25 21:55:05 +0000 2018	0.0	1.0	CNN	0.0	Apple's Screen Time feature proves you're addicted to your iPhone https://t.co/6wkgYYsMtJ https://t.co/pTgxZ6wGxa
239	-0.34	Mon Jun 25 21:48:07 +0000 2018	0.199	0.708	CNN	0.093	"The ""lack of civility"" storyline should surprise no one in the Trump era https://t.co/pGZlJgXAc3 | Analysis by Z. B‚Ä¶ https://t.co/ckrdgIyl75"
240	0.0	Mon Jun 25 21:32:07 +0000 2018	0.0	1.0	CNN	0.0	Here's what's going on with the children separated at the border https://t.co/T4OUufL7zo https://t.co/iz7ZzTqOjV
241	0.5574	Mon Jun 25 21:25:11 +0000 2018	0.0	0.753	CNN	0.247	How the Supreme Court is changing the rules on voting https://t.co/4pldFglGyG https://t.co/uXNpcp1iu6
242	-0.357	Mon Jun 25 21:18:07 +0000 2018	0.142	0.858	CNN	0.0	President Trump takes his trade policy on the road. It may not be welcome. https://t.co/QAbLb9Gd8f https://t.co/UMB50qxe8m
243	-0.6369	Mon Jun 25 21:09:02 +0000 2018	0.259	0.741	CNN	0.0	Man fatally shot while camping with his young daughters in California https://t.co/cGWnZOPMkF https://t.co/Nmc3rBCWd6
244	0.0	Mon Jun 25 21:02:01 +0000 2018	0.0	1.0	CNN	0.0	"Sarah Sanders says President Trump's executive order to keep families together at the border is a ""temporary soluti‚Ä¶ https://t.co/NKc6zprV6H"
245	0.0	Mon Jun 25 20:44:29 +0000 2018	0.0	1.0	CNN	0.0	Sarah Sanders was asked to respond to reports that Harley Davidson is shifting production of some motorcycles out o‚Ä¶ https://t.co/W14Vubmh5U
246	0.0	Mon Jun 25 20:25:16 +0000 2018	0.0	1.0	CNN	0.0	China is unleashing more than $100 billion into its economy https://t.co/kFVXvyutkE https://t.co/Yn7kH5GXGc
247	0.8296	Mon Jun 25 20:11:33 +0000 2018	0.059	0.659	CNN	0.282	"""We are allowed to disagree but should be able to do so freely and without fear of harm."" White House press secreta‚Ä¶ https://t.co/tNg6bNHvkp"
248	0.0	Mon Jun 25 19:59:10 +0000 2018	0.0	1.0	CNN	0.0	"""Nobody gets medals for taking their buddy to a mental hospital, but these guys showed up, and they did it"" 

Navy‚Ä¶ https://t.co/Z0BfYTviAM"
249	-0.2263	Mon Jun 25 19:57:33 +0000 2018	0.095	0.905	CNN	0.0	We‚Äôre at the White House for today‚Äôs press briefing with Sarah Sanders as protests continue over immigration practi‚Ä¶ https://t.co/R1elhsWex6
250	0.6041	Mon Jun 25 19:47:04 +0000 2018	0.0	0.752	CNN	0.248	Human rights groups tell US Ambassador to the United Nations Nikki Haley they aren't to blame for US withdrawal fro‚Ä¶ https://t.co/3sdF1XzlaS
251	0.0	Mon Jun 25 19:40:11 +0000 2018	0.0	1.0	CNN	0.0	These are some of the things that have put a dent in the stature of Nikki Haley https://t.co/FuVE9c86U4 (via‚Ä¶ https://t.co/TbtQIy2A9j
252	0.4404	Mon Jun 25 19:33:05 +0000 2018	0.0	0.775	CNN	0.225	New paths for dementia research offer hope https://t.co/kqx28Qjh9e (via @CNNOpinion) https://t.co/U1rjvLZxhh
253	-0.0258	Mon Jun 25 19:26:54 +0000 2018	0.127	0.749	CNN	0.124	A search is underway to rescue 12 teenage soccer players and their coach who are believed to be trapped in a cave i‚Ä¶ https://t.co/PwdEC740Fa
254	0.4019	Mon Jun 25 19:19:10 +0000 2018	0.0	0.816	CNN	0.184	How soybeans -- yes, soybeans -- could impact the midterm elections https://t.co/oCcYXKP5rZ https://t.co/bFkWLREmfs
255	0.6369	Mon Jun 25 19:06:04 +0000 2018	0.0	0.819	CNN	0.181	"Richard Harrison, best known to viewers of the History Channel series ""Pawn Stars"" as ""The Old Man,"" has died‚Ä¶ https://t.co/yCjr06nW8s"
256	0.4404	Mon Jun 25 18:59:05 +0000 2018	0.122	0.609	CNN	0.269	A teacher's dying wish helps hundreds of needy kids with backpacks and school supplies https://t.co/Dos2eW9C70 https://t.co/W66lBwIzt1
257	-0.6908	Mon Jun 25 18:52:05 +0000 2018	0.263	0.737	CNN	0.0	Heather Locklear was arrested Sunday on two misdemeanor counts of battery of emergency personnel, two months after‚Ä¶ https://t.co/zCagwdsTPr
258	0.34	Mon Jun 25 18:45:05 +0000 2018	0.0	0.888	CNN	0.112	Russell Crowe will play Fox News founder and chairman Roger Ailes in a new miniseries for Showtime, the network sai‚Ä¶ https://t.co/WvDqUhd4j9
259	0.0	Mon Jun 25 18:38:06 +0000 2018	0.0	1.0	CNN	0.0	"The National Museum of African American History and Culture has added several objects from ""Black Panther"" to its c‚Ä¶ https://t.co/Zy1Hg05HbJ"
260	0.296	Mon Jun 25 18:31:27 +0000 2018	0.0	0.879	CNN	0.121	"Attorney General Jeff Sessions just doubled down on the administration‚Äôs ""zero tolerance"" immigration policy in a s‚Ä¶ https://t.co/4epkLn5Ykf"
261	-0.7845	Mon Jun 25 18:21:05 +0000 2018	0.289	0.711	CNN	0.0	A 17-year veteran of the fire department in Long Beach, California, was shot and killed Monday while responding to‚Ä¶ https://t.co/lO0aUbMYx7
262	0.0	Mon Jun 25 18:10:06 +0000 2018	0.0	1.0	CNN	0.0	The Red Hen tweet: A story of the incredibly shrinking President | Analysis by Chris Cillizza‚Ä¶ https://t.co/DjifjhcKhM
263	-0.5849	Mon Jun 25 18:00:10 +0000 2018	0.192	0.808	CNN	0.0	Why Maxine Waters' low-road strategy on Donald Trump is a very bad idea | Analysis by Chris Cillizza‚Ä¶ https://t.co/VhTqsK6Gjp
264	0.0	Mon Jun 25 17:54:00 +0000 2018	0.0	1.0	CNN	0.0	MJ Hegar, an Air Force veteran and Purple Heart recipient running in Texas's 31st District, posted her campaign vid‚Ä¶ https://t.co/eG48TbLAPv
265	0.128	Mon Jun 25 17:50:19 +0000 2018	0.096	0.786	CNN	0.118	NASA has a new plan to stop asteroids and help scientists detect near-Earth objects they haven't been able to find‚Ä¶ https://t.co/dPRKXJybb5
266	0.0	Mon Jun 25 17:40:20 +0000 2018	0.0	1.0	CNN	0.0	Here's how Chipotle is making a comeback https://t.co/7tF4PIACom https://t.co/q30fUgstFs
267	0.4019	Mon Jun 25 17:30:13 +0000 2018	0.0	0.876	CNN	0.124	The US Office of Special Counsel is investigating whether EPA aides have been dismissed or demoted as retaliation f‚Ä¶ https://t.co/MELPgZ8RP8
268	-0.2732	Mon Jun 25 17:23:31 +0000 2018	0.1	0.9	CNN	0.0	The College Board wants to cut thousands of years from its AP World History test. Teachers aren't having it.‚Ä¶ https://t.co/T9jt7w8gB5
269	-0.128	Mon Jun 25 17:11:04 +0000 2018	0.186	0.651	CNN	0.163	Laura Ingalls Wilder's name has been stripped from a prestigious book award because of racist themes‚Ä¶ https://t.co/9ywxEjDGx9
270	0.0	Mon Jun 25 17:00:13 +0000 2018	0.0	1.0	CNN	0.0	General Electric unveiled a $3.25 billion deal to sell its distributed power business, the latest move by the compa‚Ä¶ https://t.co/lXC3FKAHT6
271	0.0	Mon Jun 25 16:50:06 +0000 2018	0.0	1.0	CNN	0.0	The Dow shed 400 points on Tuesday following news that President Trump plans to crack down on Chinese investment in‚Ä¶ https://t.co/arpRmpYcbd
272	-0.8519	Mon Jun 25 16:40:09 +0000 2018	0.383	0.617	CNN	0.0	Sen. Claire McCaskill suffered a broken rib after choking at a Senate lunch, where her colleague Joe Manchin perfor‚Ä¶ https://t.co/cyPLi6FvEX
273	0.0	Mon Jun 25 16:39:15 +0000 2018	0.0	1.0	CNN	0.0	Why a felon could beat a US congressman in Tuesday's New York primary | Analysis by Harry Enten https://t.co/OufmYZJt63
274	-0.25	Mon Jun 25 16:30:16 +0000 2018	0.206	0.672	CNN	0.122	Rep. Maxine Waters called on her supporters to publicly confront and harass members of the Trump administration in‚Ä¶ https://t.co/oXxtOb83WE
275	0.0	Mon Jun 25 16:20:08 +0000 2018	0.0	1.0	CNN	0.0	Rapper Akon is building a futuristic 'Crypto city,' in Senegal, which will trade exclusively in his own digital cas‚Ä¶ https://t.co/KMYfdqr8ZC
276	0.0	Mon Jun 25 16:10:09 +0000 2018	0.0	1.0	CNN	0.0	"""America is our last hope,"" detainees in McAllen, Texas, told Sen. Elizabeth Warren https://t.co/UtrtvcU4li https://t.co/zGeZy3UhEa"
277	0.6361	Mon Jun 25 16:00:06 +0000 2018	0.0	0.785	CNN	0.215	"Shares of Campbell Soup rose more than 10% Monday following a report hat said Kraft Heinz is ""very interested"" in t‚Ä¶ https://t.co/XkTBKGVS3V"
278	0.0	Mon Jun 25 15:51:06 +0000 2018	0.0	1.0	CNN	0.0	Why a felon could beat a US congressman in Tuesday's New York primary | Analysis by Harry Enten https://t.co/8uHZj5azBh
279	-0.5574	Mon Jun 25 15:40:08 +0000 2018	0.159	0.841	CNN	0.0	McDonald's and Starbucks were among dozens of companies hit with fines in India over a ban on single-use plastic pr‚Ä¶ https://t.co/ijqoMuS1JL
280	0.0	Mon Jun 25 15:30:07 +0000 2018	0.0	1.0	CNN	0.0	The campaign raising money to reunite immigrant families has topped $20 million. It's on to $25 million now.‚Ä¶ https://t.co/r6dHu98ICp
281	0.5574	Mon Jun 25 15:21:06 +0000 2018	0.0	0.825	CNN	0.175	The Supreme Court declined to take up a case concerning Brendan Dassey, a central figure in a 2015 documentary seri‚Ä¶ https://t.co/YpiNsl2ndo
282	-0.1779	Mon Jun 25 15:10:07 +0000 2018	0.11	0.813	CNN	0.077	"""I lost everything,"" says Roseanne Barr in an emotional interview in which she discusses the fallout from a series‚Ä¶ https://t.co/8nDB7GtwmL"
283	0.5859	Mon Jun 25 15:00:21 +0000 2018	0.0	0.725	CNN	0.275	Erdogan's win transforms Turkey from democracy to elected autocracy https://t.co/N8ZeAxW1Hd https://t.co/BNKERDvj73
284	0.0	Mon Jun 25 14:50:04 +0000 2018	0.0	1.0	CNN	0.0	Jurassic World sequel crosses $700 million at the global box office https://t.co/jMoMLM5FHU https://t.co/v6ygPIXjsM
285	0.5859	Mon Jun 25 14:40:12 +0000 2018	0.0	0.817	CNN	0.183	Two women made sailing history on Sunday, becoming the first female competitors to win the grueling, around-the-wor‚Ä¶ https://t.co/xpWDqUt6zW
286	0.0	Mon Jun 25 14:30:06 +0000 2018	0.0	1.0	CNN	0.0	"""I'm riding the Trump wave. He's Christopher Columbus,"" says Nevada pimp running for office https://t.co/6kYOjebnFp https://t.co/uUQ5GvE2bq"
287	0.0	Mon Jun 25 14:20:09 +0000 2018	0.0	1.0	CNN	0.0	This Instagram star isn't what she seems. But brands are buying in https://t.co/QDXdZujoJ3 https://t.co/1mFYxlOgHm
288	-0.296	Mon Jun 25 14:10:05 +0000 2018	0.109	0.891	CNN	0.0	Harley-Davidson is already shifting some production of motorcycles for European customers out of the US to avoid EU‚Ä¶ https://t.co/E6Dimp0Si9
289	0.34	Mon Jun 25 14:00:04 +0000 2018	0.124	0.674	CNN	0.202	The Supreme Court sends North Carolina partisan gerrymander case back to lower court https://t.co/Jf8RxJjr3R
290	0.0	Mon Jun 25 13:48:58 +0000 2018	0.0	1.0	CNN	0.0	Actually, the US has a long history of separating families https://t.co/esQM07mdoS https://t.co/L7g2NZznFf
291	0.34	Mon Jun 25 13:43:58 +0000 2018	0.106	0.721	CNN	0.173	JUST IN: Supreme Court won't take up case of florist who refused service for same-sex couple https://t.co/MOXODeIAsR
292	0.0	Mon Jun 25 13:43:15 +0000 2018	0.0	1.0	CNN	0.0	An Indian boy has become the world's second-youngest chess grandmaster, at the age of 12 years and 10 months‚Ä¶ https://t.co/ygzXLtSnbF
293	0.4215	Mon Jun 25 13:31:33 +0000 2018	0.0	0.865	CNN	0.135	A Brazilian journalist shouted down a man who tried to kiss her while she was reporting from the World Cup‚Ä¶ https://t.co/BhfQ3qx8HI
294	-0.7096	Mon Jun 25 13:23:25 +0000 2018	0.323	0.597	CNN	0.08	"In an emotional interview, Roseanne Barr says she ""horribly"" regrets sending racist tweets https://t.co/rkJSzuku5u https://t.co/mEXbYp7uEj"
295	-0.3818	Mon Jun 25 13:15:16 +0000 2018	0.242	0.625	CNN	0.133	"President Trump attacked Jimmy Fallon on Twitter after ""The Tonight Show"" host expressed regret about a friendly in‚Ä¶ https://t.co/eo1SFMSsXg"
296	0.4767	Mon Jun 25 13:02:43 +0000 2018	0.1	0.669	CNN	0.23	In the middle of the Pride parade, two New York City fire department medics paused for a heartwarming proposal‚Ä¶ https://t.co/kxujVc4BCK
297	0.1779	Mon Jun 25 12:50:07 +0000 2018	0.0	0.898	CNN	0.102	Starting Wednesday, Amazon Prime members can earn additional savings at Whole Foods across the US https://t.co/TqDrImgCAH
298	-0.3818	Mon Jun 25 12:37:50 +0000 2018	0.147	0.784	CNN	0.069	"Elvis Presley's abandoned private jet is up for auction. 

It last reached a price of $430,000 in 2017.‚Ä¶ https://t.co/dICOnChuCd"
299	-0.0516	Mon Jun 25 12:27:25 +0000 2018	0.079	0.921	CNN	0.0	Why Sarah Sanders was asked to leave a restaurant | By¬†Dean Obeidallah via @CNNopinion  https://t.co/pHehN4H3jI https://t.co/DppiQuyC0k
300	-0.7814	Tue Jun 26 04:14:20 +0000 2018	0.358	0.554	FoxNews	0.087	".@SenSchumer: ""Protest peacefully, but no one should call for the harassment of political opponents. That's not rig‚Ä¶ https://t.co/LiIlFxiGiu"
301	0.6369	Tue Jun 26 04:08:00 +0000 2018	0.0	0.819	FoxNews	0.181	Legendary filmmaker David Lynch said Saturday that President Trump could go down to be one of the greatest presiden‚Ä¶ https://t.co/JALoGL1XOf
302	0.5622	Tue Jun 26 04:01:00 +0000 2018	0.0	0.824	FoxNews	0.176	GOOD DOG: Poncho, a valiant police dog in Spain, showed off its first-responder skills by apparently performing CPR‚Ä¶ https://t.co/a3oXR4gqOJ
303	-0.296	Tue Jun 26 03:53:00 +0000 2018	0.145	0.783	FoxNews	0.072	Katherine Heigl issues apology after fans blast her for inappropriate photo shoot in a cemetery https://t.co/VWpeYadRiS
304	-0.4767	Tue Jun 26 03:45:00 +0000 2018	0.22	0.78	FoxNews	0.0	Woman 'trashes' restaurant, hit owner's car after receiving wrong food order https://t.co/QOmgdfQ4yC
305	-0.128	Tue Jun 26 03:37:42 +0000 2018	0.16	0.704	FoxNews	0.136	"Charlie Hurt: ""It would do everyone a lot of good to tone it down a little bit."" @foxnewsnight‚Ä¶ https://t.co/7rEwIL13sF"
306	-0.6705	Tue Jun 26 03:33:01 +0000 2018	0.257	0.743	FoxNews	0.0	Prior shootings reported at California campground where scientist killed in front of daughters https://t.co/egPQC5PjWx
307	-0.0284	Tue Jun 26 03:25:00 +0000 2018	0.174	0.695	FoxNews	0.131	".@GovMikeHuckabee: ""When you deny one person's liberty because you don't like what they say or what they do or what‚Ä¶ https://t.co/jsmzwIZfNO"
308	-0.6486	Tue Jun 26 03:20:00 +0000 2018	0.223	0.777	FoxNews	0.0	Masked men terrorize Texas family, burn child with hot water during home invasion, officials say https://t.co/aOCuTWjQ40
309	0.4215	Tue Jun 26 03:17:00 +0000 2018	0.0	0.865	FoxNews	0.135	".@GovMikeHuckabee: ""[@PressSec] got thrown out because she works for the president of the United States, who was el‚Ä¶ https://t.co/chRNV0ekvt"
310	0.5499	Tue Jun 26 03:13:36 +0000 2018	0.0	0.827	FoxNews	0.173	".@GovMikeHuckabee: ""My daughter handled this very, not only skillfully, but I think respectfully, and she did it in‚Ä¶ https://t.co/C07EUXtlS2"
311	0.7351	Tue Jun 26 03:10:00 +0000 2018	0.0	0.592	FoxNews	0.408	Good Samaritans rescue 6 people from boat burning in Fort Lauderdale https://t.co/ZuSPUTXLnM
312	0.0	Tue Jun 26 03:05:10 +0000 2018	0.0	1.0	FoxNews	0.0	".@ IngrahamAngle: ""Publicly shaming conservatives and targeting them in public, it's become the new tactic of the l‚Ä¶ https://t.co/KugVkrzXGm"
313	0.0	Tue Jun 26 02:52:59 +0000 2018	0.0	1.0	FoxNews	0.0	Hezbollah reportedly claims Facebook and Twitter have disabled their main accounts https://t.co/QAJbAIPM4Y
314	-0.6597	Tue Jun 26 02:47:13 +0000 2018	0.286	0.714	FoxNews	0.0	Florida hit-and-run driver ‚Äòpurposely‚Äô mowed down family, killing father, police say https://t.co/O3e2YcDU5V
315	0.0	Tue Jun 26 02:37:00 +0000 2018	0.0	1.0	FoxNews	0.0	Heather Locklear rushed to hospital after 'overdose' call, report says. https://t.co/pFpiCQOBUp
316	0.4939	Tue Jun 26 02:31:00 +0000 2018	0.0	0.714	FoxNews	0.286	Police dog 'performs CPR' in adorable viral video. https://t.co/gmnpzFUdNH
317	0.0	Tue Jun 26 02:25:00 +0000 2018	0.0	1.0	FoxNews	0.0	DOJ rebuffs @DevinNunes request for more info on Russia case informants. https://t.co/OlFkAh4M2k
318	-0.34	Tue Jun 26 02:17:00 +0000 2018	0.124	0.876	FoxNews	0.0	Long Beach fire allegedly set by retirement home resident to target first responders in the deadly shooting. https://t.co/ImnKGsQSkC
319	-0.5423	Tue Jun 26 02:11:00 +0000 2018	0.179	0.821	FoxNews	0.0	"During Monday's press briefing, Press Secretary Sarah Sanders blasted ""the calls for harassment"" against Trump supp‚Ä¶ https://t.co/1IVWjXX94D"
320	0.0	Tue Jun 26 02:04:00 +0000 2018	0.0	1.0	FoxNews	0.0	The congressional intern who cursed at @POTUS during a visit to Capitol Hill has been identified. https://t.co/ExRBDEOtQS
321	-0.9042	Tue Jun 26 02:00:00 +0000 2018	0.484	0.516	FoxNews	0.0	Vietnam veteran, New York state deputy arrest man accused of stealing dog tags from war memorial https://t.co/1QajtBemzw
322	0.6249	Tue Jun 26 01:56:10 +0000 2018	0.0	0.797	FoxNews	0.203	"Rep. @SteveScalise: ""This is about civility. You should go and want to win your ideas in the debate of public opini‚Ä¶ https://t.co/TPHOkbR26I"
323	0.4019	Tue Jun 26 01:53:00 +0000 2018	0.0	0.816	FoxNews	0.184	Former president @GeorgeHWBush welcomes service dog named Sully, shows off @BillClinton socks https://t.co/SGMww2m9Jm
324	-0.296	Tue Jun 26 01:52:32 +0000 2018	0.095	0.905	FoxNews	0.0	".@AGPamBondi: ""The police said, 'We're going to take you out the back door,' and I said, 'No way. I'm walking out t‚Ä¶ https://t.co/4Z6M9TjgBv"
325	0.4795	Tue Jun 26 01:47:00 +0000 2018	0.0	0.762	FoxNews	0.238	Sara Gilbert says she's 'so excited' for the 'Roseanne' spinoff https://t.co/qEWVeHStAC
326	-0.765	Tue Jun 26 01:41:00 +0000 2018	0.337	0.663	FoxNews	0.0	#Trump calls for live, televised hearing of Strzok, 'other hating frauds' at @FBI, DOJ https://t.co/BQ1rBmS4M9
327	-0.34	Tue Jun 26 01:39:49 +0000 2018	0.118	0.882	FoxNews	0.0	Firefighters salute as a van carrying the body of Long Beach Fire Capt. Dave Rosa passes them during a procession.‚Ä¶ https://t.co/Dx0vEy652Y
328	-0.1779	Tue Jun 26 01:35:00 +0000 2018	0.096	0.904	FoxNews	0.0	On the Senate floor Monday, @SenSchumer rebuked @RepMaxineWaters' comments calling for people to confront members o‚Ä¶ https://t.co/9crbROSNBy
329	-0.765	Tue Jun 26 01:30:10 +0000 2018	0.321	0.586	FoxNews	0.093	"""TEACHER TO THE END"": Georgia teacher Tammy Waddell recently lost her battle with cancer. Her final wish was that l‚Ä¶ https://t.co/YcUxmRW3jo"
330	-0.7906	Tue Jun 26 01:23:40 +0000 2018	0.471	0.529	FoxNews	0.0	Suspected killer of Christy Mirack charged 25 years later in Pennsylvania https://t.co/0k20uFe1JG
331	-0.2732	Tue Jun 26 01:12:01 +0000 2018	0.116	0.884	FoxNews	0.0	#Trump goes all-out for SC Gov. @henrymcmaster, taking political risk ahead of heated South Carolina primary https://t.co/TbQCrnMNKV
332	-0.5423	Tue Jun 26 01:05:55 +0000 2018	0.179	0.821	FoxNews	0.0	‚ÄúTHAT‚ÄôS A STRAIGHT-UP FELONY‚Äù: Police in Anchorage are looking for Alaska‚Äôs most wanted critter. The crime? A squir‚Ä¶ https://t.co/YR0qzc3g7j
333	0.0	Tue Jun 26 00:56:47 +0000 2018	0.0	1.0	FoxNews	0.0	".@POTUS: ""We as a country will never, ever fail."" https://t.co/L0bKDlBw0g"
334	-0.6124	Tue Jun 26 00:54:17 +0000 2018	0.353	0.647	FoxNews	0.0	".@POTUS: ""The forgotten men and women of our country are forgotten no more."" https://t.co/di6zKVTUx3"
335	0.67	Tue Jun 26 00:49:15 +0000 2018	0.0	0.686	FoxNews	0.314	".@POTUS: ""I'm a believer in free trade, but I'm really a believer in fair trade."" https://t.co/SbGFPqgYlP"
336	-0.1139	Tue Jun 26 00:43:53 +0000 2018	0.196	0.804	FoxNews	0.0	".@POTUS: ""I don't want judges. I want ICE and Border Patrol Agents."" https://t.co/oysnSXtn09"
337	0.0	Tue Jun 26 00:37:56 +0000 2018	0.0	1.0	FoxNews	0.0	".@POTUS: ""It's not 'build that wall' anymore, it's 'continue building that wall' because we're building it."" https://t.co/9QCrC5V1jv"
338	0.0	Tue Jun 26 00:35:48 +0000 2018	0.0	1.0	FoxNews	0.0	".@POTUS: ""We're defending our borders because if you don't have borders, you don't have a country."" https://t.co/BydhIg4CRO"
339	0.0	Tue Jun 26 00:33:57 +0000 2018	0.0	1.0	FoxNews	0.0	".@POTUS on @FLOTUS: ""She has done a tremendous job as first lady."" https://t.co/3FnrroQNg6"
340	0.6369	Tue Jun 26 00:27:27 +0000 2018	0.0	0.724	FoxNews	0.276	".@POTUS: ""We have the greatest base in the history of politics."" https://t.co/BlFw9j9bbc"
341	-0.6908	Tue Jun 26 00:25:00 +0000 2018	0.289	0.711	FoxNews	0.0	".@POTUS on @HillaryClinton: ""She blamed everybody for losing the election, except for one person. Herself."" https://t.co/Rnz8Ke31WO"
342	0.4215	Tue Jun 26 00:18:45 +0000 2018	0.0	0.833	FoxNews	0.167	".@POTUS on North Korea negotiations: ""The world is going to be a much safer place."" https://t.co/d6RxJAvZTS"
343	-0.6808	Tue Jun 26 00:14:49 +0000 2018	0.28	0.72	FoxNews	0.0	".@POTUS on North Korea: ""There's been no rocket tests, there's been no nuclear tests, there's been no ballistic mis‚Ä¶ https://t.co/gU9m3HByMt"
344	0.5563	Tue Jun 26 00:06:17 +0000 2018	0.0	0.777	FoxNews	0.223	".@POTUS on @karringtonsc: ""Katie we're all pulling for you and we're praying for your very swift recovery.""‚Ä¶ https://t.co/sqBtZaMR3J"
345	0.1779	Tue Jun 26 00:00:25 +0000 2018	0.0	0.892	FoxNews	0.108	".@marcthiessen: ""[President @realDonaldTrump] is doing his job. The economy is growing at a record clip...unemploym‚Ä¶ https://t.co/e9Espu3CA7"
346	0.0	Tue Jun 26 00:00:09 +0000 2018	0.0	1.0	FoxNews	0.0	.@POTUS attends a campaign rally for South Carolina Governor @henrymcmaster. https://t.co/ZrlArFyLpu https://t.co/LWcScrtm7N
347	0.0	Mon Jun 25 23:53:38 +0000 2018	0.0	1.0	FoxNews	0.0	Air Force One lands ahead of rally in South Carolina https://t.co/vWjPPghbXO
348	0.1154	Mon Jun 25 23:52:19 +0000 2018	0.0	0.929	FoxNews	0.071	".@MoElleithee: ""Mr. President, we are asking you‚Äî I'm a Democrat, but I'm an American. I want you to do your job."" https://t.co/5SLqRIrn48"
349	-0.3182	Mon Jun 25 23:47:08 +0000 2018	0.119	0.822	FoxNews	0.059	".@marcthiessen: ""There's nothing that Donald Trump would want more than to have Barack Obama as a foil to fight wit‚Ä¶ https://t.co/Z3DVKYyysX"
350	0.0	Mon Jun 25 23:43:26 +0000 2018	0.0	1.0	FoxNews	0.0	.@POTUS arrives in South Carolina, where he will attend a campaign rally for Governor @henrymcmaster.‚Ä¶ https://t.co/E9kNNFmGD2
351	0.6597	Mon Jun 25 23:40:29 +0000 2018	0.0	0.769	FoxNews	0.231	".@MoElleithee: ""President Obama has been very measured and strategic and smart about how he has engaged in the poli‚Ä¶ https://t.co/GwBxCJfydS"
352	0.3182	Mon Jun 25 23:37:01 +0000 2018	0.0	0.901	FoxNews	0.099	".@Judgenap: ""It is our representatives seeking the truth about our election in 2016 and we have the right to know h‚Ä¶ https://t.co/tGcqZr8xjL"
353	0.0	Mon Jun 25 23:34:04 +0000 2018	0.0	1.0	FoxNews	0.0	AWAITING: Trump rally in South Carolina https://t.co/4CgMCTpCFO
354	0.0	Mon Jun 25 23:29:00 +0000 2018	0.0	1.0	FoxNews	0.0	".@jonathanvswan: ""There's probably very few things that just him and Bob Mueller know because Mueller knows a lot m‚Ä¶ https://t.co/9E1r9fOBrG"
355	0.0	Mon Jun 25 23:25:00 +0000 2018	0.0	1.0	FoxNews	0.0	".@AriFleischer: ""You need to stand up now for civil discourse, and it's up to the Democrats to lead that charge.""‚Ä¶ https://t.co/MwWu0G2Dih"
356	-0.3182	Mon Jun 25 23:21:00 +0000 2018	0.173	0.827	FoxNews	0.0	Krauthammer in 2017: Dems' 'Resistance' Is the Same Reason Hillary Lost https://t.co/3yrLR4elin
357	0.0	Mon Jun 25 23:17:41 +0000 2018	0.0	1.0	FoxNews	0.0	".@AriFleischer: ""This is one of society's most obvious moments to say, 'Enough is enough.'"" https://t.co/8dq5byHBVY https://t.co/VG39pdfMtE"
358	0.7579	Mon Jun 25 23:14:00 +0000 2018	0.0	0.698	FoxNews	0.302	".@seanspicer: ""America has a long, proud tradition of people being able to express themselves peacefully and civill‚Ä¶ https://t.co/xzksFHS2WH"
359	-0.25	Mon Jun 25 23:07:08 +0000 2018	0.133	0.867	FoxNews	0.0	".@RepMaxineWaters: ""Protest is the Democratic way‚Äî as long as it is peaceful."" https://t.co/8dq5byHBVY https://t.co/zcPpfbcpos"
360	0.4588	Mon Jun 25 23:05:00 +0000 2018	0.0	0.85	FoxNews	0.15	President @realDonaldTrump and @FLOTUS Melania Trump welcome King Abdullah II and Queen Rania of Jordan to the‚Ä¶ https://t.co/OOl69PobKy
361	-0.6801	Mon Jun 25 22:58:59 +0000 2018	0.337	0.663	FoxNews	0.0	"'This is very dangerous' 

Left setting new standard of incivility, critics say. https://t.co/wimbYXMbeY"
362	-0.5994	Mon Jun 25 22:50:42 +0000 2018	0.206	0.794	FoxNews	0.0	Trump trade war with China puts 300,000 soybean farmers, $14 billion export industry in limbo. https://t.co/7ZzKVpY3Ch
363	-0.7814	Mon Jun 25 22:44:52 +0000 2018	0.358	0.554	FoxNews	0.087	".@SenSchumer: ""Protest peacefully, but no one should call for the harassment of political opponents. That's not rig‚Ä¶ https://t.co/PaaDGnOezN"
364	-0.3818	Mon Jun 25 22:34:24 +0000 2018	0.157	0.843	FoxNews	0.0	'We're Not the Obama Admin': Sanders Battles Reporter Over WH Not 'Changing' Border Laws. https://t.co/TepBmgJTJo
365	0.0	Mon Jun 25 22:30:29 +0000 2018	0.0	1.0	FoxNews	0.0	North Korea has opted not to hold an anti-U.S. rally for the first time in years. #SpecialReport‚Ä¶ https://t.co/9y7djpBDEU
366	-0.8316	Mon Jun 25 22:25:00 +0000 2018	0.444	0.556	FoxNews	0.0	Under fire, @RepMaxineWaters denies she called for 'harming people' in the Trump administration. https://t.co/vpggMWGHcX
367	0.0	Mon Jun 25 22:17:25 +0000 2018	0.0	1.0	FoxNews	0.0	Chicago bar bans 'MAGA' hats and face tattoos. https://t.co/fdaUfSPOFq
368	-0.1531	Mon Jun 25 22:10:39 +0000 2018	0.127	0.773	FoxNews	0.1	".@RepMaxineWaters: ""Trump is the one who is creating lies, trying to have people believe that I talked about harmin‚Ä¶ https://t.co/SvOemsK9bd"
369	0.34	Mon Jun 25 21:59:39 +0000 2018	0.0	0.833	FoxNews	0.167	Burned and decapitated animal left on Homeland Security staffer's porch, report says https://t.co/LfCGK0oJDg
370	0.0	Mon Jun 25 21:53:02 +0000 2018	0.0	1.0	FoxNews	0.0	.@PressSec heckled by Red Hen owner even after leaving, @GovMikeHuckabee says https://t.co/6kVWTJxt1F
371	-0.1531	Mon Jun 25 21:46:25 +0000 2018	0.127	0.873	FoxNews	0.0	Florida alligator escorted home following stops at CVS, Speedway: sheriff's office https://t.co/85kF8qWC6u
372	0.0	Mon Jun 25 21:35:24 +0000 2018	0.0	1.0	FoxNews	0.0	Congresswoman Maxine Waters holds a news conference. https://t.co/sHd3QP9dvM
373	0.0	Mon Jun 25 21:31:46 +0000 2018	0.0	1.0	FoxNews	0.0	.@POTUS departs from Andrews Air Force Base en route to South Carolina for a campaign rally with Governor‚Ä¶ https://t.co/h48KijHB7H
374	0.0343	Mon Jun 25 21:25:22 +0000 2018	0.137	0.717	FoxNews	0.146	EXCLUSIVE: NY state suspends license of lawyer for ex-sailor suing @Comey, @BarackObama https://t.co/6bPHPtCT9b
375	-0.891	Mon Jun 25 21:15:24 +0000 2018	0.602	0.398	FoxNews	0.0	Illegal immigrant accused of raping, impregnating non-verbal 13-year-old girl https://t.co/ALkBdpJouX
376	0.0	Mon Jun 25 20:57:28 +0000 2018	0.0	1.0	FoxNews	0.0	THURSDAY: @BretBaier and @marthamaccallum moderate the Florida GOP gubernatorial debate at 6:30p ET on Fox News Cha‚Ä¶ https://t.co/xP2mgtxReD
377	-0.4019	Mon Jun 25 20:40:00 +0000 2018	0.252	0.748	FoxNews	0.0	William Johnson on escalating trade tensions https://t.co/XKsZ8dzMjZ #Cavuto https://t.co/0VyY5p3QHY
378	-0.128	Mon Jun 25 20:30:01 +0000 2018	0.209	0.62	FoxNews	0.171	Tech shares hit as trade tensions escalate https://t.co/jBAmFeFoOZ #Cavuto https://t.co/se2zfTakjX
379	-0.296	Mon Jun 25 20:21:16 +0000 2018	0.104	0.896	FoxNews	0.0	"""You mean are we walking around making up laws? No, because we're not the Obama administration. We're actually tryi‚Ä¶ https://t.co/T0n35BYhZ3"
380	-0.296	Mon Jun 25 20:21:16 +0000 2018	0.104	0.896	FoxNews	0.0	"""You mean are we walking around making up laws? No, because we're not the Obama administration. We're actually tryi‚Ä¶ https://t.co/T0n35BYhZ3"
381	0.0	Mon Jun 25 20:17:33 +0000 2018	0.0	1.0	FoxNews	0.0	RT @FoxBusiness: Dow tumbles 328 points as US-China tariff spat heats up again https://t.co/6klqtDn9iZ
382	0.34	Mon Jun 25 20:15:26 +0000 2018	0.0	0.902	FoxNews	0.098	".@PressSec: ""At some point Congress has to do what they were elected to do, and that is secure our border, that is‚Ä¶ https://t.co/c8O3B0JCZL"
383	0.5994	Mon Jun 25 20:10:40 +0000 2018	0.0	0.588	FoxNews	0.412	".@PressSec: ""The president certainly supports keeping families together."" https://t.co/1XdX0O0rWn"
384	0.0	Mon Jun 25 20:08:33 +0000 2018	0.0	1.0	FoxNews	0.0	".@PressSec: ""Anyone that goes to a port of entry seeking asylum will not be prosecuted."" https://t.co/SGWKI9Z9Dz"
385	-0.5423	Mon Jun 25 20:07:47 +0000 2018	0.2	0.8	FoxNews	0.0	.@PressSec Sanders decries 'calls for harassment' citing Rep. Maxine Waters and the restaurant episode. https://t.co/3PZY6qwybf
386	0.8126	Mon Jun 25 20:06:30 +0000 2018	0.0	0.682	FoxNews	0.318	".@PressSec: ""President Trump will continue to push for free, fair and reciprocal trade and hopes that the EU will j‚Ä¶ https://t.co/CQoy5tMeiV"
387	0.4215	Mon Jun 25 20:00:57 +0000 2018	0.087	0.714	FoxNews	0.198	".@PressSec: ""The president would like to see us stop people from illegally entering the country at all. We'd like t‚Ä¶ https://t.co/9i1ik0EHYK"
388	-0.5574	Mon Jun 25 19:56:55 +0000 2018	0.25	0.658	FoxNews	0.092	".@PressSec: ""The calls for harassment and push for any Trump supporter to avoid the public is unacceptable."" https://t.co/7wC1Xl0cWW"
389	0.0	Mon Jun 25 19:53:34 +0000 2018	0.0	1.0	FoxNews	0.0	.@PressSec Sarah Sanders holds a @WhiteHouse briefing. https://t.co/wG52O89FFH
390	0.5994	Mon Jun 25 19:48:19 +0000 2018	0.0	0.742	FoxNews	0.258	"""We want to help you.""

Maryland man blows out his tire and is surprised by the police reaction. #ProudAmerican https://t.co/Z4XDS5a5mk"
391	0.0	Mon Jun 25 19:43:20 +0000 2018	0.0	1.0	FoxNews	0.0	Dem Strategist: 'Hypocritical' for GOP to Call Out Maxine Waters After Trump's Behavior. https://t.co/Cv4gwC2xVC
392	-0.3182	Mon Jun 25 19:40:00 +0000 2018	0.15	0.85	FoxNews	0.0	Pilot abandons plane after landing it illegally on New Jersey beach, officials say. https://t.co/qPlA6ZhPi7
393	-0.5267	Mon Jun 25 19:32:08 +0000 2018	0.167	0.833	FoxNews	0.0	Wildfires in California are threatening hundreds of houses and businesses, forcing thousands of people from their h‚Ä¶ https://t.co/KMxQFs5aAu
394	0.0	Mon Jun 25 19:21:22 +0000 2018	0.0	1.0	FoxNews	0.0	JUST IN: GOP lawmakers sign letter asking Deputy Attorney General Rosenstein for the names of everyone working on t‚Ä¶ https://t.co/sk1A2Avu5I
395	0.0	Mon Jun 25 19:17:00 +0000 2018	0.0	1.0	FoxNews	0.0	Northern California wildfire jumps the single road leading to rural communities. https://t.co/Tqp02peaYx
396	-0.34	Mon Jun 25 19:13:10 +0000 2018	0.211	0.789	FoxNews	0.0	Glenn Beck accuses Brian Stelter of 'Trump Derangement Syndrome' https://t.co/OBc0fH6eDS
397	-0.4588	Mon Jun 25 19:08:48 +0000 2018	0.176	0.824	FoxNews	0.0	President @realDonaldTrump mocks the 'dirty' Red Hen over 'filthy' building, defends @PressSec Sarah Sanders. https://t.co/jOrv79jSAr
398	0.1531	Mon Jun 25 19:00:42 +0000 2018	0.173	0.617	FoxNews	0.21	Mourners call for justice in the Pittsburgh-area shooting of Antwon Rose. https://t.co/ZT9iIXHSv1
399	0.6705	Mon Jun 25 19:00:41 +0000 2018	0.0	0.766	FoxNews	0.234	"Mark Weber: ""This is hopefully an opportunity to educate the public about what this program is...and really know th‚Ä¶ https://t.co/jTh7crtkDZ"
400	0.0	Tue Jun 26 04:22:04 +0000 2018	0.0	1.0	NYTimes	0.0	RT @nytopinion: In Episode One of @realtrumpbites, our satirical video cartoon series, animator @plymptoons zeroes in on Trump's excessive‚Ä¶
401	0.0	Tue Jun 26 04:11:25 +0000 2018	0.0	1.0	NYTimes	0.0	Five Takeaways From Turkey‚Äôs Election https://t.co/TxM7EvEPpn
402	-0.5267	Tue Jun 26 04:02:02 +0000 2018	0.167	0.833	NYTimes	0.0	Amid increasing concerns about privacy violations, Orlando city officials decide to end a pilot program that used A‚Ä¶ https://t.co/d7UClmJN78
403	0.4767	Tue Jun 26 03:47:01 +0000 2018	0.0	0.819	NYTimes	0.181	"From our friends at @Watching: What to remember before ""GLOW"" comes back for Season 2 https://t.co/erJzEdt3lW"
404	0.0	Tue Jun 26 03:32:08 +0000 2018	0.0	1.0	NYTimes	0.0	Sleep apnea can be downright deadly, and not just for those who have it. https://t.co/AQdbftybVM
405	-0.4939	Tue Jun 26 03:21:05 +0000 2018	0.138	0.862	NYTimes	0.0	RT @nytvideo: A New York Times investigation found that the Syrian government dropped a chlorine bomb on this apartment in Douma, Syria in‚Ä¶
406	0.7425	Tue Jun 26 03:11:03 +0000 2018	0.0	0.718	NYTimes	0.282	8 of the tech industry‚Äôs most influential companies met with U.S. intelligence officials last month to discuss prep‚Ä¶ https://t.co/UShZSU7pzj
407	0.0	Tue Jun 26 03:02:03 +0000 2018	0.0	1.0	NYTimes	0.0	Airline stopover programs can double your destinations--here's how to get the most out of them https://t.co/bHzZtD8IK8
408	-0.1779	Tue Jun 26 02:55:49 +0000 2018	0.078	0.922	NYTimes	0.0	"RT @jmartNYT: For two years, Democrats have wrestled with how to confront Trump and his norm-breaking behavior.

But now progressive activi‚Ä¶"
409	-0.6908	Tue Jun 26 02:47:05 +0000 2018	0.19	0.81	NYTimes	0.0	In a lab in Philadelphia, scientists are studying what it takes to kill ‚Äúsuper coral‚Äù to understand the impact of h‚Ä¶ https://t.co/24UuogfUAZ
410	0.0	Tue Jun 26 02:32:08 +0000 2018	0.0	1.0	NYTimes	0.0	Here's every team's path to the next round (except for those who have none) https://t.co/86KshVu4qr
411	0.5574	Tue Jun 26 02:17:06 +0000 2018	0.0	0.795	NYTimes	0.205	In a 5-4 ruling, the Supreme Court upholds Texas voting maps that were called discriminatory https://t.co/aniTvUeuqT
412	0.4939	Tue Jun 26 02:02:02 +0000 2018	0.0	0.856	NYTimes	0.144	How China got Sri Lanka to hand over a port: A Times investigation reveals Beijing‚Äôs use of hardball tactics to col‚Ä¶ https://t.co/CCh6otOcT2
413	0.4927	Tue Jun 26 01:51:01 +0000 2018	0.0	0.827	NYTimes	0.173	In more than 20 of the most competitive House races of 2018, the share of Democrats voting in primaries notably inc‚Ä¶ https://t.co/PkpyN4NLio
414	-0.2302	Tue Jun 26 01:41:01 +0000 2018	0.179	0.694	NYTimes	0.126	RT @nytopinion: We're suffering from a breakdown of democracy, not of civility, argues @michelleinbklyn https://t.co/lPSuYeqbj1
415	-0.6369	Tue Jun 26 01:30:15 +0000 2018	0.189	0.811	NYTimes	0.0	A scientist was fatally shot while camping with his 2 young daughters at Malibu Creek State Park in Southern Califo‚Ä¶ https://t.co/CTM2xUn1bd
416	0.0	Tue Jun 26 01:17:04 +0000 2018	0.0	1.0	NYTimes	0.0	RT @readercenter: Dean Baquet, our executive editor, explains how we think about the word ‚Äúlie.‚Äù https://t.co/zgv3NuvyGb
417	0.0	Tue Jun 26 01:02:03 +0000 2018	0.0	1.0	NYTimes	0.0	Evening Briefing: Here's what you need to know at the end of the day https://t.co/FBLd7wUB92
418	0.6808	Tue Jun 26 00:47:04 +0000 2018	0.0	0.763	NYTimes	0.237	"We rounded up a selection of good reads to help you sort through that ""Westworld"" finale. Dig into them here: https://t.co/npMJ48zROe"
419	0.296	Tue Jun 26 00:32:06 +0000 2018	0.0	0.896	NYTimes	0.104	Andreessen Horowitz, the well-known firm that made early bets on Instagram and Reddit, said that it is creating a $‚Ä¶ https://t.co/2ScRt1eBsV
420	0.0	Tue Jun 26 00:17:03 +0000 2018	0.0	1.0	NYTimes	0.0	RT @julieturkewitz: I've been in Nogales, Mex., in recent days, spending time with families sleeping at America's door, waiting to ask for‚Ä¶
421	0.0	Tue Jun 26 00:02:04 +0000 2018	0.0	1.0	NYTimes	0.0	San Francisco offers a case study of how high housing costs alter the economics of everything else, including resta‚Ä¶ https://t.co/FKAhvqSc23
422	-0.296	Mon Jun 25 23:47:03 +0000 2018	0.095	0.905	NYTimes	0.0	Sean Spicer as a talk show host? The former White House press secretary said he plans to film a pilot soon. No netw‚Ä¶ https://t.co/cBYiTa9l03
423	0.5859	Mon Jun 25 23:30:13 +0000 2018	0.0	0.826	NYTimes	0.174	Meet Colorado's new single issue voters: The cannabis community. They are looking for their biggest political win s‚Ä¶ https://t.co/IIhrgeoLaC
424	-0.5859	Mon Jun 25 23:17:06 +0000 2018	0.22	0.78	NYTimes	0.0	"RT @NYTNational: A white woman is facing ridicule after complaining about an 8-year-old black girl ""illegally selling water without a permi‚Ä¶"
425	-0.8225	Mon Jun 25 23:02:05 +0000 2018	0.39	0.61	NYTimes	0.0	A debt deal for Sri Lanka heightened accusations that China's Belt and Road Initiative is a debt trap for vulnerabl‚Ä¶ https://t.co/qGMkVvIv5W
426	0.0	Mon Jun 25 22:47:05 +0000 2018	0.0	1.0	NYTimes	0.0	Evening Briefing: Here's what you need to know at the end of the day https://t.co/ddhVe18lRL
427	0.0	Mon Jun 25 22:32:05 +0000 2018	0.0	1.0	NYTimes	0.0	Conservationists in Butte, Montana, are pushing for the last 2 miles of Silver Bow Creek to be cleaned up, so that‚Ä¶ https://t.co/Z0fkCpxqhF
428	-0.5994	Mon Jun 25 22:17:05 +0000 2018	0.163	0.837	NYTimes	0.0	RT @AnaSwanson: Dispatch from Wisconsin, where I ate all the cheese. Trump‚Äôs trade war shuts cheesemakers out of foreign markets via @NYTim‚Ä¶
429	0.0	Mon Jun 25 22:02:06 +0000 2018	0.0	1.0	NYTimes	0.0	A plan to build an AirTrain between Manhattan and La Guardia Airport is inching forward. But New Yorkers are mockin‚Ä¶ https://t.co/uUl483buBt
430	-0.1779	Mon Jun 25 21:47:04 +0000 2018	0.134	0.766	NYTimes	0.1	The yield curve is perilously close to predicting a recession ‚Äî something it has done before with surprising accura‚Ä¶ https://t.co/eNxIpk9C4j
431	0.0	Mon Jun 25 21:32:06 +0000 2018	0.0	1.0	NYTimes	0.0	Here's a schedule of all World Cup games, and where to watch them https://t.co/9lKygnmJds
432	0.2484	Mon Jun 25 21:18:06 +0000 2018	0.0	0.883	NYTimes	0.117	"RT @adamrpearce: Democrats Are Turning Out to Vote in the Most Competitive Primary Races

https://t.co/P1k00dqjAm https://t.co/uv2CVLZsGO"
433	-0.4019	Mon Jun 25 21:05:03 +0000 2018	0.249	0.634	NYTimes	0.117	Breaking News: The border security agency temporarily stopped handing over migrant families for prosecution, effect‚Ä¶ https://t.co/Pp33VsWYHF
434	0.4939	Mon Jun 25 20:50:07 +0000 2018	0.0	0.789	NYTimes	0.211	Our newsroom doesn‚Äôt have a poet laureate. But this guy is pretty close. https://t.co/6TQsWltyTM
435	0.0	Mon Jun 25 20:40:04 +0000 2018	0.0	1.0	NYTimes	0.0	"RT @joncaramanica: I‚Äôve interviewed Kanye at length 4 times

2007
https://t.co/tHUS7uplyL

2013
https://t.co/t1bH3yQ1dz

2015
https://t.co/‚Ä¶"
436	0.0772	Mon Jun 25 20:30:05 +0000 2018	0.0	0.86	NYTimes	0.14	Why would a health insurer want to be a hospice? https://t.co/TWCB9BuZBQ
437	-0.3182	Mon Jun 25 20:20:05 +0000 2018	0.099	0.901	NYTimes	0.0	RT @DanaGoldstein: My new piece on a national trend: there‚Äôs concern about the ‚Äúexcellence gap,‚Äù a lack of racial and class equity in gifte‚Ä¶
438	0.0	Mon Jun 25 20:10:03 +0000 2018	0.0	1.0	NYTimes	0.0	Here is what we know about the 300 some children who were separated from their parents and quietly dropped on New Y‚Ä¶ https://t.co/7nHpbf1lN0
439	-0.128	Mon Jun 25 20:00:08 +0000 2018	0.192	0.69	NYTimes	0.118	A Times reporter's past affair with a security aide. A leak inquiry alarming First Amendment groups. Inside the cas‚Ä¶ https://t.co/4p45L2AxTL
440	0.4939	Mon Jun 25 19:50:05 +0000 2018	0.0	0.833	NYTimes	0.167	FIFA fined 3 Switzerland players for flashing a hand gesture with political overtones in a World Cup match against‚Ä¶ https://t.co/ghSvULF2Sn
441	-0.1779	Mon Jun 25 19:40:05 +0000 2018	0.122	0.786	NYTimes	0.092	RT @peterbakernyt: The so-called yield curve is perilously close to predicting a recession ‚Äî something it has done before with surprising a‚Ä¶
442	-0.3875	Mon Jun 25 19:30:07 +0000 2018	0.134	0.866	NYTimes	0.0	"""I don't know how it works and I don't care. Never eating instant ramen any other way again."" https://t.co/deYJCW2XeO"
443	0.0	Mon Jun 25 19:25:07 +0000 2018	0.0	1.0	NYTimes	0.0	RT @katie_thomas: A wave of breakthrough drugs is transforming the medical world. But what if some of these expensive drugs don't work that‚Ä¶
444	-0.7579	Mon Jun 25 19:15:13 +0000 2018	0.333	0.667	NYTimes	0.0	The evidence combined exposes Syria and Russia‚Äôs lies. Our conclusion: Bashar al-Assad used a chlorine bomb to gas‚Ä¶ https://t.co/8g4ZveDNS7
445	0.2023	Mon Jun 25 19:14:43 +0000 2018	0.118	0.735	NYTimes	0.147	We also analyzed the bomb itself, studying the debris, the damage it caused and the corrosion on its casing. This e‚Ä¶ https://t.co/0BsTfRzZCD
446	-0.5574	Mon Jun 25 19:12:15 +0000 2018	0.153	0.847	NYTimes	0.0	We were able to reconstruct the building‚Äôs layout, confirming that this is where at least 34 people died ‚Äî men, wom‚Ä¶ https://t.co/Bmhq3UdFUb
447	0.0	Mon Jun 25 19:08:05 +0000 2018	0.0	1.0	NYTimes	0.0	We gathered a vast trove of information, using 67 videos filmed by witnesses and images broadcast by Russian TV. We‚Ä¶ https://t.co/71ylHI5fZ3
448	0.3818	Mon Jun 25 19:03:34 +0000 2018	0.0	0.874	NYTimes	0.126	We focused on one street where entire buildings were leveled by conventional bombs. Then, we identified a single ap‚Ä¶ https://t.co/vqMHb54WbS
449	-0.8225	Mon Jun 25 19:00:35 +0000 2018	0.309	0.691	NYTimes	0.0	Dozens of people were killed in a chemical attack in Douma, Syria in April, triggering U.S.-led airstrikes inside t‚Ä¶ https://t.co/6vEKYXXp9f
450	-0.2732	Mon Jun 25 18:50:09 +0000 2018	0.179	0.684	NYTimes	0.137	The Supreme Court declined to hear the appeal of Brendan Dassey, whose murder conviction was documented in the Netf‚Ä¶ https://t.co/5FkFRkXNwK
451	0.0	Mon Jun 25 18:40:05 +0000 2018	0.0	1.0	NYTimes	0.0	RT @nytimesarts: We spent three days in Wyoming with Kanye West, hip-hop's biggest firebrand, as he tended to his scars https://t.co/zHuBTS‚Ä¶
452	0.0	Mon Jun 25 18:30:03 +0000 2018	0.0	1.0	NYTimes	0.0	5 takeaways from Turkey‚Äôs election https://t.co/HLKyEyIw5l
453	0.5106	Mon Jun 25 18:20:06 +0000 2018	0.082	0.717	NYTimes	0.201	"RT @nytimesarts: We rounded up a selection of good reads to help you sort through that bizarre ""Westworld"" finale. Dig into them here: http‚Ä¶"
454	-0.2124	Mon Jun 25 18:13:01 +0000 2018	0.123	0.785	NYTimes	0.093	David de Gea may be the best goalkeeper in the world, but he‚Äôs the only keeper without a save in the World Cup. Liv‚Ä¶ https://t.co/XKylRT7JYQ
455	0.8807	Mon Jun 25 18:03:39 +0000 2018	0.0	0.673	NYTimes	0.327	Portugal has won 10 of their last 11 World Cup games. So it‚Äôll take something special for Iran to win today. Live u‚Ä¶ https://t.co/BPLrUUmV7X
456	-0.4404	Mon Jun 25 17:45:07 +0000 2018	0.153	0.847	NYTimes	0.0	A small dagger. 2 arrowheads. A wooden block with a deer's antler. Archaeologists study what √ñtzi the Iceman did wi‚Ä¶ https://t.co/6BmEw4JnBN
457	0.5574	Mon Jun 25 17:35:03 +0000 2018	0.0	0.806	NYTimes	0.194	RT @adamliptak: Supreme Court won‚Äôt hear appeal from ‚ÄúMaking a Murderer‚Äù subject Brendan Dassey.  Background here:  https://t.co/6hys9zEvUn
458	-0.6369	Mon Jun 25 17:25:06 +0000 2018	0.257	0.743	NYTimes	0.0	John Oliver condemned China‚Äôs human rights record and mocked its president, Xi Jinping, for censoring Winnie-the-Po‚Ä¶ https://t.co/oR7k39Yvrr
459	0.0	Mon Jun 25 17:15:06 +0000 2018	0.0	1.0	NYTimes	0.0	"""Our concern is about the rain. The water inside the cave keeps rising."" https://t.co/CLsZukXvRK"
460	0.25	Mon Jun 25 17:05:15 +0000 2018	0.0	0.917	NYTimes	0.083	RT @NYTNational: Scenes from the border: Families are camped in the Mexican town of Nogales, waiting for their chance to petition for asylu‚Ä¶
461	0.0	Mon Jun 25 16:55:05 +0000 2018	0.0	1.0	NYTimes	0.0	Sleep apnea can be downright deadly, and not just for those who have it. https://t.co/Isc5lOrEwH
462	0.5994	Mon Jun 25 16:45:04 +0000 2018	0.0	0.843	NYTimes	0.157	‚ÄúDuring the NCAA tournament, Super Bowl week, any big event, you can‚Äôt get a room in Las Vegas and Atlantic City is‚Ä¶ https://t.co/8EBQd4MtAI
463	0.765	Mon Jun 25 16:35:05 +0000 2018	0.123	0.552	NYTimes	0.325	RT @TimHerrera: You know that weird mix of pride and jealousy you feel when a friend excels at ‚Äúyour‚Äù thing? Here‚Äôs where that feeling come‚Ä¶
464	-0.1531	Mon Jun 25 16:25:06 +0000 2018	0.078	0.922	NYTimes	0.0	Many have accused Harvey Weinstein of sexual misconduct, but he faces trial in only 2 cases. Should the other women‚Ä¶ https://t.co/IfRWWW6QDr
465	0.0	Mon Jun 25 16:15:06 +0000 2018	0.0	1.0	NYTimes	0.0	RT @nytopinion: Strip all the other rationales away from this draconian immigration policy, writes @CharlesMBlow. This is at the core: Whit‚Ä¶
466	0.0	Mon Jun 25 16:05:06 +0000 2018	0.0	1.0	NYTimes	0.0	Here's every team's path to the next round (except for those who have none) https://t.co/T9KRNxBVvH
467	0.0	Mon Jun 25 15:55:08 +0000 2018	0.0	1.0	NYTimes	0.0	The ‚Äúachievement gap‚Äù has been the focus of much education policy for decades. Now educators are concerned with the‚Ä¶ https://t.co/e74KrC5YPP
468	-0.8271	Mon Jun 25 15:45:07 +0000 2018	0.278	0.722	NYTimes	0.0	RT @nytvideo: One chlorine bomb. Two floors of an apartment building. Dozens killed in Syria. Our visual investigation is the most detailed‚Ä¶
469	0.0	Mon Jun 25 15:35:03 +0000 2018	0.0	1.0	NYTimes	0.0	Mo Salah is said to be considering retiring from Egypt's national soccer team after an uproar over his interactions‚Ä¶ https://t.co/nNqjkFSU3F
470	0.0	Mon Jun 25 15:25:05 +0000 2018	0.0	1.0	NYTimes	0.0	"RT @joncaramanica: 3 days in Wyoming with Kanye
https://t.co/q1mBJTs0YD"
471	-0.3612	Mon Jun 25 15:15:05 +0000 2018	0.122	0.878	NYTimes	0.0	President Trump criticized Jimmy Fallon on Twitter. Fallon responded by saying he would make a donation in the pres‚Ä¶ https://t.co/SxJ9qX4176
472	0.4019	Mon Jun 25 15:05:06 +0000 2018	0.0	0.876	NYTimes	0.124	Cyclists in Los Angeles draw a special kind of vitriol from drivers in America's car capital. Now, riders are tryin‚Ä¶ https://t.co/Kxfr6K20FI
473	-0.765	Mon Jun 25 14:57:41 +0000 2018	0.223	0.777	NYTimes	0.0	It's going from bad to worse for Russia as they face Uruguay. Russia is down 2-0 and is down to 10 men. Live update‚Ä¶ https://t.co/ZB5hiZ49g8
474	-0.1779	Mon Jun 25 14:45:10 +0000 2018	0.134	0.766	NYTimes	0.1	The yield curve is perilously close to predicting a recession ‚Äî something it has done before with surprising accura‚Ä¶ https://t.co/ljg0sYrgQx
475	-0.3182	Mon Jun 25 14:35:06 +0000 2018	0.095	0.905	NYTimes	0.0	"""If export markets get shut off, I could see us getting to the point where we‚Äôre dumping our milk in the fields,"" s‚Ä¶ https://t.co/tQp4PrDd7u"
476	0.4404	Mon Jun 25 14:25:05 +0000 2018	0.0	0.868	NYTimes	0.132	RT @ScottShaneNYT: Never easy to write about a colleague. But here's what @grynbaum @FlitterOnFraud and I found in a deeper look at a very‚Ä¶
477	-0.3612	Mon Jun 25 14:14:20 +0000 2018	0.179	0.821	NYTimes	0.0	Harley-Davidson will shift some U.S. production abroad to avoid European Union tariffs imposed in retaliation to Pr‚Ä¶ https://t.co/FzOJvYU5gR
478	0.8176	Mon Jun 25 14:13:34 +0000 2018	0.0	0.737	NYTimes	0.263	Suarez took a free kick from inches outside the box, and sent it perfectly into the corner of the net. Follow for l‚Ä¶ https://t.co/4QuaXbkUOC
479	0.0	Mon Jun 25 14:11:01 +0000 2018	0.0	1.0	NYTimes	0.0	"""Taking a child away from their parents is a profound act. The only reason we do it in America is because we have d‚Ä¶ https://t.co/R9HoCVJFht"
480	0.0	Mon Jun 25 14:00:04 +0000 2018	0.0	1.0	NYTimes	0.0	"""We need to be able to be in situations where you can be irresponsible,"" Kanye West said. ""That's one of the great‚Ä¶ https://t.co/EhQizWxxPH"
481	0.25	Mon Jun 25 13:45:05 +0000 2018	0.0	0.909	NYTimes	0.091	"""We now have concrete evidence that Scott Pruitt offered to use taxpayer resources to do favors for the lobbyist wh‚Ä¶ https://t.co/PTfP1v3otP"
482	-0.2263	Mon Jun 25 13:30:05 +0000 2018	0.091	0.909	NYTimes	0.0	A 15-year-old migrant boy who was housed in a large shelter in Texas walked off its premises and disappeared into t‚Ä¶ https://t.co/WkkQV2ez2G
483	-0.5719	Mon Jun 25 13:20:06 +0000 2018	0.299	0.701	NYTimes	0.0	President Trump criticized a Virginia restaurant that refused to serve Sarah Huckabee Sanders https://t.co/xT8RmHO2N7
484	0.4019	Mon Jun 25 13:10:08 +0000 2018	0.0	0.886	NYTimes	0.114	"""What I have inside of me is an undeveloped baby,"" she recalled telling the pharmacist. ""I need this to help get it‚Ä¶ https://t.co/n8gTWuVgaM"
485	0.0	Mon Jun 25 13:00:20 +0000 2018	0.0	1.0	NYTimes	0.0	Morning Briefing: Here's what you need to know to start your day https://t.co/dEirVcLUAd https://t.co/cVc1GvrrZJ
486	-0.5106	Mon Jun 25 12:50:03 +0000 2018	0.163	0.837	NYTimes	0.0	Trump administration officials rejected a study by the Department of Health and Human Services that found that refu‚Ä¶ https://t.co/slQgtgnPln
487	0.6908	Mon Jun 25 12:39:04 +0000 2018	0.0	0.769	NYTimes	0.231	"The Season 2 finale of ""Westworld"" may not have been the best episode, but it was certainly the most ""Westworld"" ep‚Ä¶ https://t.co/Kpc3yBKwrN"
488	0.2023	Mon Jun 25 12:30:09 +0000 2018	0.0	0.909	NYTimes	0.091	The dairy industry now faces substantial tariffs on products it exports as Mexico, Canada and other countries retal‚Ä¶ https://t.co/zCgYw2N3cR
489	0.0	Mon Jun 25 12:20:05 +0000 2018	0.0	1.0	NYTimes	0.0	"David Bossie, President Trump's former deputy campaign manager, told a black guest on Fox News, ""You're out of your‚Ä¶ https://t.co/D0JYJJ2FOy"
490	-0.8271	Mon Jun 25 12:11:03 +0000 2018	0.3	0.7	NYTimes	0.0	One chlorine bomb. Two floors of an apartment building. Dozens killed in Syria. Our visual investigation is the mos‚Ä¶ https://t.co/sRWBWVg71a
491	0.4215	Mon Jun 25 12:00:11 +0000 2018	0.0	0.865	NYTimes	0.135	"Your daily @DealBook Briefing:

‚Ä¢ Uber says it's changed. This week, a judge will decide if that's true.

‚Ä¢ Trump p‚Ä¶ https://t.co/fioE7E3LMS"
492	-0.4404	Mon Jun 25 11:44:05 +0000 2018	0.164	0.743	NYTimes	0.093	RT @AshleyAtTimes: The killing of Lesandro Guzman-Feliz last week could have gone unsolved like so many other crimes. But video and social‚Ä¶
493	0.4588	Mon Jun 25 11:30:09 +0000 2018	0.0	0.84	NYTimes	0.16	"""If you want to continue down the road, then yes, ma'am, we need to know what country you're a citizen of,"" the  Bo‚Ä¶ https://t.co/hfNlu94DGh"
494	-0.8885	Mon Jun 25 11:20:03 +0000 2018	0.382	0.618	NYTimes	0.0	"""When you‚Äôve got a gun to your head, people threatening to rape your daughter, extort your business, force your son‚Ä¶ https://t.co/HvF0g2aPpf"
495	0.4019	Mon Jun 25 11:11:06 +0000 2018	0.11	0.661	NYTimes	0.229	Some migrant families have determined that separation or detention in the United States is preferable to remaining‚Ä¶ https://t.co/SmktUIwsUN
496	-0.0258	Mon Jun 25 11:00:06 +0000 2018	0.134	0.737	NYTimes	0.129	Javier Solana, a former secretary general of NATO, has been denied electronic authorization to enter the United Sta‚Ä¶ https://t.co/sw2fmi7I63
497	-0.296	Mon Jun 25 10:48:03 +0000 2018	0.095	0.905	NYTimes	0.0	Many young women in Riyadh and Jidda have no plans to start driving, even though they have licenses from the United‚Ä¶ https://t.co/gSn5a5Rpkv
498	0.101	Mon Jun 25 10:40:04 +0000 2018	0.153	0.721	NYTimes	0.127	On Friday, Airbus delivered a stark warning to the British government: Give us more clarity, or we might leave the‚Ä¶ https://t.co/pPbVF6tWAv
499	0.0	Mon Jun 25 10:29:05 +0000 2018	0.0	1.0	NYTimes	0.0	Any day now, the Israeli army says, bulldozers will wipe the West Bank Bedouin community of Khan al-Ahmar off the m‚Ä¶ https://t.co/8NCUhlSwRo
